file,workspace,category,purpose,importedByCount,isEntryOrRoute,importedBy
"apps/backend/seed.js","vyapar-backend","backend","Load environment variables","0","false",""
"apps/backend/server.js","vyapar-backend","backend","Route Imports","0","true",""
"apps/backend/src/config/db.js","vyapar-backend","backend","Unclassified","1","false","apps/backend/server.js"
"apps/backend/src/config/firebase.js","vyapar-backend","backend","Render me \n ko sahi se read karne ke liye replace karna padta hai","0","false",""
"apps/backend/src/config/jwt.js","vyapar-backend","backend","Unclassified","1","false","apps/backend/src/controllers/authController.js"
"apps/backend/src/controllers/agingController.js","vyapar-backend","backend","Find all bills that are on credit (issued) or partially paid","1","false","apps/backend/src/routes/agingRoutes.js"
"apps/backend/src/controllers/approvalController.js","vyapar-backend","backend","Get all pending items (Maker-Checker Dashboard for Owner)","1","false","apps/backend/src/routes/approvalRoutes.js"
"apps/backend/src/controllers/attendanceController.js","vyapar-backend","backend","Check if staff belongs to the requested company","1","false","apps/backend/src/routes/attendanceRoutes.js"
"apps/backend/src/controllers/authController.js","vyapar-backend","backend","Register","1","false","apps/backend/src/routes/authRoutes.js"
"apps/backend/src/controllers/b2bController.js","vyapar-backend","backend","Create a Quotation, Sales Order, or Delivery Challan","1","false","apps/backend/src/routes/b2bRoutes.js"
"apps/backend/src/controllers/bankRecController.js","vyapar-backend","backend","Statement ki sabse pehli aur aakhiri date nikalte hain","1","false","apps/backend/src/routes/bankRecRoutes.js"
"apps/backend/src/controllers/billingController.js","vyapar-backend","backend","--- LICENSING CHECK ---","1","false","apps/backend/src/routes/billingRoutes.js"
"apps/backend/src/controllers/branchController.js","vyapar-backend","backend","Backend controller","1","false","apps/backend/src/routes/branchRoutes.js"
"apps/backend/src/controllers/brandController.js","vyapar-backend","backend","Backend controller","1","false","apps/backend/src/routes/brandRoutes.js"
"apps/backend/src/controllers/categoryController.js","vyapar-backend","backend","Backend controller","1","false","apps/backend/src/routes/categoryRoutes.js"
"apps/backend/src/controllers/cloudController.js","vyapar-backend","backend","Initialize Firebase Admin (Sirf tabhi chalega jab .env me keys hongi)","1","false","apps/backend/src/routes/cloudRoutes.js"
"apps/backend/src/controllers/companyController.js","vyapar-backend","backend","Explicitly define which fields can be updated for security and clarity.","1","false","apps/backend/src/routes/companyRoutes.js"
"apps/backend/src/controllers/consolidatedStatementController.js","vyapar-backend","backend","Helper function to generate a unique statement number","1","false","apps/backend/src/routes/consolidatedStatementRoutes.js"
"apps/backend/src/controllers/couponController.js","vyapar-backend","backend","Backend controller","1","false","apps/backend/src/routes/couponRoutes.js"
"apps/backend/src/controllers/daybookController.js","vyapar-backend","backend","Pagination setup","1","false","apps/backend/src/routes/daybookRoutes.js"
"apps/backend/src/controllers/eWayBillController.js","vyapar-backend","backend","Mocking Government API Call Delay & Response","1","false","apps/backend/src/routes/eWayBillRoutes.js"
"apps/backend/src/controllers/expensesController.js","vyapar-backend","backend","Audit Trail","1","false","apps/backend/src/routes/expensesRoutes.js"
"apps/backend/src/controllers/fixedAssetController.js","vyapar-backend","backend","Jab asset kharida jata hai, toh initial Current Value = Purchase Cost hoti hai","1","false","apps/backend/src/routes/fixedAssetRoutes.js"
"apps/backend/src/controllers/gstController.js","vyapar-backend","backend","1. Fetch Sales (For GSTR-1)","1","false","apps/backend/src/routes/gstRoutes.js"
"apps/backend/src/controllers/inventoryController.js","vyapar-backend","backend","Zod schema for robust validation","1","false","apps/backend/src/routes/inventoryRoutes.js"
"apps/backend/src/controllers/laterpadController.js","vyapar-backend","backend","Backend controller","1","false","apps/backend/src/routes/laterpadRoutes.js"
"apps/backend/src/controllers/membershipController.js","vyapar-backend","backend","Backend controller","1","false","apps/backend/src/routes/membershipRoutes.js"
"apps/backend/src/controllers/notificationController.js","vyapar-backend","backend","Backend controller","1","false","apps/backend/src/routes/notificationRoutes.js"
"apps/backend/src/controllers/partyController.js","vyapar-backend","backend","Backend controller","1","false","apps/backend/src/routes/partyRoutes.js"
"apps/backend/src/controllers/paymentController.js","vyapar-backend","backend","Create a payment order","1","false","apps/backend/src/routes/paymentRoutes.js"
"apps/backend/src/controllers/purchaseController.js","vyapar-backend","backend","Create a new Purchase Bill (Stock Inward)","1","false","apps/backend/src/routes/purchaseRoutes.js"
"apps/backend/src/controllers/purchaseOrderController.js","vyapar-backend","backend","Create a new Purchase Order (No stock update yet)","1","false","apps/backend/src/routes/purchaseOrderRoutes.js"
"apps/backend/src/controllers/reminderController.js","vyapar-backend","backend","यहाँ आप WhatsApp API, SMS (Twilio) या Email का कोड डाल सकते हैं","1","false","apps/backend/src/routes/reminderRoutes.js"
"apps/backend/src/controllers/reportController.js","vyapar-backend","backend","@desc Get Staff Performance Report @route GET /api/reports/staff-performance @access Private","1","false","apps/backend/src/routes/reportRoutes.js"
"apps/backend/src/controllers/returnController.js","vyapar-backend","backend","1. Create Return Entry","1","false","apps/backend/src/routes/returnRoutes.js"
"apps/backend/src/controllers/salaryController.js","vyapar-backend","backend","Pagination setup","1","false","apps/backend/src/routes/salaryRoutes.js"
"apps/backend/src/controllers/schemeController.js","vyapar-backend","backend","Backend controller","1","false","apps/backend/src/routes/schemeRoutes.js"
"apps/backend/src/controllers/securityController.js","vyapar-backend","backend","Sirf apni company ke logs dikhayenge, aur latest wale upar (sort by timestamp -1)","1","false","apps/backend/src/routes/securityRoutes.js"
"apps/backend/src/controllers/settingsController.js","vyapar-backend","backend","Get current WhatsApp settings for the logged-in company","1","false","apps/backend/src/routes/settingsRoutes.js"
"apps/backend/src/controllers/staffController.js","vyapar-backend","backend","Handle frontend sending 'mobile' instead of 'mobileNumber'","1","false","apps/backend/src/routes/staffRoutes.js"
"apps/backend/src/controllers/stockTransferController.js","vyapar-backend","backend","Product model mein jab hum stockLocations array banayenge","1","false","apps/backend/src/routes/stockTransferRoutes.js"
"apps/backend/src/controllers/subCategoryController.js","vyapar-backend","backend","Backend controller","1","false","apps/backend/src/routes/subCategoryRoutes.js"
"apps/backend/src/controllers/tdsTcsController.js","vyapar-backend","backend","Create new TDS/TCS entry","1","false","apps/backend/src/routes/tdsTcsRoutes.js"
"apps/backend/src/controllers/unitController.js","vyapar-backend","backend","Company specific aur common dono units bhejenge","1","false","apps/backend/src/routes/unitRoutes.js"
"apps/backend/src/controllers/userController.js","vyapar-backend","backend","Admin ko saare users dikhayenge","1","false","apps/backend/src/routes/userRoutes.js"
"apps/backend/src/controllers/warehouseController.js","vyapar-backend","backend","Backend controller","1","false","apps/backend/src/routes/warehouseRoutes.js"
"apps/backend/src/middleware/authmiddleware.js","vyapar-backend","backend","--- SaaS Multi-Tenancy Logic ---","43","false","apps/backend/src/routes/agingRoutes.js | apps/backend/src/routes/approvalRoutes.js | apps/backend/src/routes/attendanceRoutes.js | apps/backend/src/routes/b2bRoutes.js | apps/backend/src/routes/bankRecRoutes.js | apps/backend/src/routes/billingRoutes.js | apps/backend/src/routes/branchRoutes.js | apps/backend/src/routes/brandRoutes.js | apps/backend/src/routes/categoryRoutes.js | apps/backend/src/routes/cloudRoutes.js | apps/backend/src/routes/companyRoutes.js | apps/backend/src/routes/consolidatedStatementRoutes.js | apps/backend/src/routes/couponRoutes.js | apps/backend/src/routes/daybookRoutes.js | apps/backend/src/routes/eWayBillRoutes.js | apps/backend/src/routes/expensesRoutes.js | apps/backend/src/routes/fixedAssetRoutes.js | apps/backend/src/routes/gstRoutes.js | apps/backend/src/routes/inventoryRoutes.js | apps/backend/src/routes/laterpadRoutes.js | apps/backend/src/routes/licensingRoutes.js | apps/backend/src/routes/membershipRoutes.js | apps/backend/src/routes/notificationRoutes.js | apps/backend/src/routes/partyRoutes.js | apps/backend/src/routes/paymentRoutes.js | apps/backend/src/routes/purchaseOrderRoutes.js | apps/backend/src/routes/purchaseRoutes.js | apps/backend/src/routes/reminderRoutes.js | apps/backend/src/routes/reportRoutes.js | apps/backend/src/routes/returnRoutes.js | apps/backend/src/routes/salaryRoutes.js | apps/backend/src/routes/schemeRoutes.js | apps/backend/src/routes/securityRoutes.js | apps/backend/src/routes/settingsRoutes.js | apps/backend/src/routes/staffRoutes.js | apps/backend/src/routes/stockTransferRoutes.js | apps/backend/src/routes/subCategoryRoutes.js | apps/backend/src/routes/syncRoutes.js | apps/backend/src/routes/tallyRoutes.js | apps/backend/src/routes/tdsTcsRoutes.js | apps/backend/src/routes/unitRoutes.js | apps/backend/src/routes/userRoutes.js | apps/backend/src/routes/warehouseRoutes.js"
"apps/backend/src/middleware/errormiddleware.js","vyapar-backend","backend","Global error handling middleware Catches all errors and returns structured error responses","1","true","apps/backend/server.js"
"apps/backend/src/middleware/offlinesyncmiddleware.js","vyapar-backend","backend","Sync offline data to database when connection is restored This middleware handles bidirectional sync between local and remote data","1","false","apps/backend/src/routes/syncRoutes.js"
"apps/backend/src/middleware/roleMiddleware.js","vyapar-backend","backend","req.user is set by your authmiddleware.js (protect)","3","false","apps/backend/src/routes/approvalRoutes.js | apps/backend/src/routes/b2bRoutes.js | apps/backend/src/routes/userRoutes.js"
"apps/backend/src/middleware/validateData.js","vyapar-backend","backend","Zod schema data ko validate karega","3","false","apps/backend/src/routes/billingRoutes.js | apps/backend/src/routes/expensesRoutes.js | apps/backend/src/routes/purchaseRoutes.js"
"apps/backend/src/model/attendance.js","vyapar-backend","backend","Ensure unique attendance per staff per day","1","false","apps/backend/src/controllers/attendanceController.js"
"apps/backend/src/model/b2bDocument.js","vyapar-backend","backend","Unclassified","1","false","apps/backend/src/controllers/b2bController.js"
"apps/backend/src/model/bankStatement.js","vyapar-backend","backend","Unclassified","0","false",""
"apps/backend/src/model/bill.js","vyapar-backend","backend","Jewellery Specific Fields in Bill","15","false","apps/backend/seed.js | apps/backend/src/controllers/agingController.js | apps/backend/src/controllers/approvalController.js | apps/backend/src/controllers/b2bController.js | apps/backend/src/controllers/billingController.js | apps/backend/src/controllers/cloudController.js | apps/backend/src/controllers/consolidatedStatementController.js | apps/backend/src/controllers/daybookController.js | apps/backend/src/controllers/eWayBillController.js | apps/backend/src/controllers/gstController.js | apps/backend/src/controllers/paymentController.js | apps/backend/src/controllers/reportController.js | apps/backend/src/routes/tallyRoutes.js | apps/backend/src/routes/whatsappRoutes.js | apps/backend/src/utils/cronJobs.js"
"apps/backend/src/model/branch.js","vyapar-backend","backend","Unclassified","1","false","apps/backend/src/controllers/branchController.js"
"apps/backend/src/model/brand.js","vyapar-backend","backend","Unclassified","2","false","apps/backend/src/controllers/brandController.js | apps/backend/src/controllers/inventoryController.js"
"apps/backend/src/model/category.js","vyapar-backend","backend","Unclassified","2","false","apps/backend/src/controllers/categoryController.js | apps/backend/src/controllers/inventoryController.js"
"apps/backend/src/model/company.js","vyapar-backend","backend","Invoice Customization","11","false","apps/backend/seed.js | apps/backend/src/controllers/billingController.js | apps/backend/src/controllers/companyController.js | apps/backend/src/controllers/paymentController.js | apps/backend/src/controllers/settingsController.js | apps/backend/src/middleware/authmiddleware.js | apps/backend/src/routes/settingsRoutes.js | apps/backend/src/routes/tallyRoutes.js | apps/backend/src/routes/whatsappRoutes.js | apps/backend/src/services/whatsappService.js | apps/backend/src/utils/cronJobs.js"
"apps/backend/src/model/ConsolidatedCreditStatement.js","vyapar-backend","backend","Ensure statementNumber is unique per company","1","false","apps/backend/src/controllers/consolidatedStatementController.js"
"apps/backend/src/model/coupon.js","vyapar-backend","backend","Unclassified","1","false","apps/backend/src/controllers/couponController.js"
"apps/backend/src/model/eWayBill.js","vyapar-backend","backend","Unclassified","1","false","apps/backend/src/controllers/eWayBillController.js"
"apps/backend/src/model/expenses.js","vyapar-backend","backend","Unclassified","7","false","apps/backend/seed.js | apps/backend/src/controllers/approvalController.js | apps/backend/src/controllers/bankRecController.js | apps/backend/src/controllers/cloudController.js | apps/backend/src/controllers/daybookController.js | apps/backend/src/controllers/expensesController.js | apps/backend/src/controllers/reportController.js"
"apps/backend/src/model/fixedAsset.js","vyapar-backend","backend","Unclassified","1","false","apps/backend/src/controllers/fixedAssetController.js"
"apps/backend/src/model/laterpad.js","vyapar-backend","backend","Unclassified","2","false","apps/backend/seed.js | apps/backend/src/controllers/laterpadController.js"
"apps/backend/src/model/membership.js","vyapar-backend","backend","Unclassified","1","false","apps/backend/src/controllers/membershipController.js"
"apps/backend/src/model/notification.js","vyapar-backend","backend","Unclassified","1","false","apps/backend/src/controllers/notificationController.js"
"apps/backend/src/model/party.js","vyapar-backend","backend","Ensure uniqueness per company","9","false","apps/backend/seed.js | apps/backend/src/controllers/b2bController.js | apps/backend/src/controllers/cloudController.js | apps/backend/src/controllers/consolidatedStatementController.js | apps/backend/src/controllers/gstController.js | apps/backend/src/controllers/partyController.js | apps/backend/src/controllers/paymentController.js | apps/backend/src/controllers/purchaseController.js | apps/backend/src/controllers/returnController.js"
"apps/backend/src/model/PartyTransaction.js","vyapar-backend","backend","Unclassified","7","false","apps/backend/src/controllers/b2bController.js | apps/backend/src/controllers/bankRecController.js | apps/backend/src/controllers/daybookController.js | apps/backend/src/controllers/partyController.js | apps/backend/src/controllers/paymentController.js | apps/backend/src/controllers/purchaseController.js | apps/backend/src/controllers/returnController.js"
"apps/backend/src/model/product.js","vyapar-backend","backend","Basic Info","9","false","apps/backend/seed.js | apps/backend/src/controllers/b2bController.js | apps/backend/src/controllers/billingController.js | apps/backend/src/controllers/cloudController.js | apps/backend/src/controllers/inventoryController.js | apps/backend/src/controllers/purchaseController.js | apps/backend/src/controllers/reportController.js | apps/backend/src/controllers/returnController.js | apps/backend/src/controllers/stockTransferController.js"
"apps/backend/src/model/purchase.js","vyapar-backend","backend","Ensure purchaseNumber is unique per company","3","false","apps/backend/src/controllers/daybookController.js | apps/backend/src/controllers/gstController.js | apps/backend/src/controllers/purchaseController.js"
"apps/backend/src/model/purchaseOrder.js","vyapar-backend","backend","Unclassified","1","false","apps/backend/src/controllers/purchaseOrderController.js"
"apps/backend/src/model/report.js","vyapar-backend","backend","Unclassified","1","false","apps/backend/src/controllers/reportController.js"
"apps/backend/src/model/return.js","vyapar-backend","backend","Ensure returnNumber is unique per company","1","false","apps/backend/src/controllers/returnController.js"
"apps/backend/src/model/salary.js","vyapar-backend","backend","Unclassified","3","false","apps/backend/seed.js | apps/backend/src/controllers/daybookController.js | apps/backend/src/controllers/salaryController.js"
"apps/backend/src/model/scheme.js","vyapar-backend","backend","Unclassified","1","false","apps/backend/src/controllers/schemeController.js"
"apps/backend/src/model/schemeusage.js","vyapar-backend","backend","Unclassified","1","false","apps/backend/src/controllers/schemeController.js"
"apps/backend/src/model/securitylog.js","vyapar-backend","backend","Unclassified","2","false","apps/backend/src/controllers/securityController.js | apps/backend/src/utils/logger.js"
"apps/backend/src/model/staff.js","vyapar-backend","backend","Unclassified","3","false","apps/backend/src/controllers/attendanceController.js | apps/backend/src/controllers/billingController.js | apps/backend/src/controllers/staffController.js"
"apps/backend/src/model/StaffTransaction.js","vyapar-backend","backend","Unclassified","1","false","apps/backend/src/controllers/staffController.js"
"apps/backend/src/model/stockAdjustment.js","vyapar-backend","backend","Unclassified","1","false","apps/backend/src/controllers/inventoryController.js"
"apps/backend/src/model/stockTransfer.js","vyapar-backend","backend","Unclassified","2","false","apps/backend/src/controllers/approvalController.js | apps/backend/src/controllers/stockTransferController.js"
"apps/backend/src/model/subCategory.js","vyapar-backend","backend","Unclassified","2","false","apps/backend/src/controllers/inventoryController.js | apps/backend/src/controllers/subCategoryController.js"
"apps/backend/src/model/tdsTcs.js","vyapar-backend","backend","Unclassified","1","false","apps/backend/src/controllers/tdsTcsController.js"
"apps/backend/src/model/unit.js","vyapar-backend","backend","Unclassified","2","false","apps/backend/src/controllers/inventoryController.js | apps/backend/src/controllers/unitController.js"
"apps/backend/src/model/user.js","vyapar-backend","backend","Fields for OTP Verification","6","false","apps/backend/seed.js | apps/backend/src/controllers/authController.js | apps/backend/src/controllers/reportController.js | apps/backend/src/controllers/userController.js | apps/backend/src/middleware/authmiddleware.js | apps/backend/src/routes/licensingRoutes.js"
"apps/backend/src/model/warehouse.js","vyapar-backend","backend","Unclassified","1","false","apps/backend/src/controllers/warehouseController.js"
"apps/backend/src/routes/agingRoutes.js","vyapar-backend","backend","Route definitions","1","true","apps/backend/server.js"
"apps/backend/src/routes/approvalRoutes.js","vyapar-backend","backend","Route definitions","1","true","apps/backend/server.js"
"apps/backend/src/routes/attendanceRoutes.js","vyapar-backend","backend","Route definitions","1","true","apps/backend/server.js"
"apps/backend/src/routes/authRoutes.js","vyapar-backend","backend","Route definitions","1","true","apps/backend/server.js"
"apps/backend/src/routes/b2bRoutes.js","vyapar-backend","backend","Only admin and manager can create documents","1","true","apps/backend/server.js"
"apps/backend/src/routes/bankRecRoutes.js","vyapar-backend","backend","Route definitions","1","true","apps/backend/server.js"
"apps/backend/src/routes/billingRoutes.js","vyapar-backend","backend","🚀 SAAS LOCK","1","true","apps/backend/server.js"
"apps/backend/src/routes/branchRoutes.js","vyapar-backend","backend","Route definitions","1","true","apps/backend/server.js"
"apps/backend/src/routes/brandRoutes.js","vyapar-backend","backend","Routes are now cleaner and point to controller functions","1","true","apps/backend/server.js"
"apps/backend/src/routes/categoryRoutes.js","vyapar-backend","backend","Routes are now cleaner and point to controller functions","1","true","apps/backend/server.js"
"apps/backend/src/routes/cloudRoutes.js","vyapar-backend","backend","Route definitions","1","true","apps/backend/server.js"
"apps/backend/src/routes/companyRoutes.js","vyapar-backend","backend","Example: Companyroutes.js","1","true","apps/backend/server.js"
"apps/backend/src/routes/consolidatedStatementRoutes.js","vyapar-backend","backend","Route definitions","1","true","apps/backend/server.js"
"apps/backend/src/routes/couponRoutes.js","vyapar-backend","backend","Route definitions","1","true","apps/backend/server.js"
"apps/backend/src/routes/daybookRoutes.js","vyapar-backend","backend","Route definitions","1","true","apps/backend/server.js"
"apps/backend/src/routes/eWayBillRoutes.js","vyapar-backend","backend","Route definitions","1","true","apps/backend/server.js"
"apps/backend/src/routes/expensesRoutes.js","vyapar-backend","backend","🚀 SAAS LOCK","1","true","apps/backend/server.js"
"apps/backend/src/routes/fixedAssetRoutes.js","vyapar-backend","backend","Route definitions","1","true","apps/backend/server.js"
"apps/backend/src/routes/gstRoutes.js","vyapar-backend","backend","Route definitions","1","true","apps/backend/server.js"
"apps/backend/src/routes/inventoryRoutes.js","vyapar-backend","backend","🚀 SAAS LOCK: Protect all routes and STRICTLY require a Company ID","1","true","apps/backend/server.js"
"apps/backend/src/routes/laterpadRoutes.js","vyapar-backend","backend","Route definitions","1","true","apps/backend/server.js"
"apps/backend/src/routes/licensingRoutes.js","vyapar-backend","backend","@desc Validate user's subscription status from the app @route GET /api/licensing/validate @access Private (Requires user to be logged in)","1","true","apps/backend/server.js"
"apps/backend/src/routes/membershipRoutes.js","vyapar-backend","backend","Route definitions","1","true","apps/backend/server.js"
"apps/backend/src/routes/notificationRoutes.js","vyapar-backend","backend","Route definitions","1","true","apps/backend/server.js"
"apps/backend/src/routes/partyRoutes.js","vyapar-backend","backend","🚀 SAAS LOCK","1","true","apps/backend/server.js"
"apps/backend/src/routes/paymentRoutes.js","vyapar-backend","backend","Khata / Udhar-Jama routes","1","true","apps/backend/server.js"
"apps/backend/src/routes/purchaseOrderRoutes.js","vyapar-backend","backend","Route definitions","1","true","apps/backend/server.js"
"apps/backend/src/routes/purchaseRoutes.js","vyapar-backend","backend","🚀 SAAS LOCK","1","true","apps/backend/server.js"
"apps/backend/src/routes/reminderRoutes.js","vyapar-backend","backend","Route definitions","1","true","apps/backend/server.js"
"apps/backend/src/routes/reportRoutes.js","vyapar-backend","backend","Staff Performance Report","1","true","apps/backend/server.js"
"apps/backend/src/routes/returnRoutes.js","vyapar-backend","backend","Route definitions","1","true","apps/backend/server.js"
"apps/backend/src/routes/salaryRoutes.js","vyapar-backend","backend","Route definitions","1","true","apps/backend/server.js"
"apps/backend/src/routes/schemeRoutes.js","vyapar-backend","backend","Route definitions","1","true","apps/backend/server.js"
"apps/backend/src/routes/securityRoutes.js","vyapar-backend","backend","Route definitions","1","true","apps/backend/server.js"
"apps/backend/src/routes/settingsRoutes.js","vyapar-backend","backend","All routes in this file are protected","1","true","apps/backend/server.js"
"apps/backend/src/routes/staffRoutes.js","vyapar-backend","backend","🚀 SAAS LOCK","1","true","apps/backend/server.js"
"apps/backend/src/routes/stockTransferRoutes.js","vyapar-backend","backend","Route definitions","1","true","apps/backend/server.js"
"apps/backend/src/routes/subCategoryRoutes.js","vyapar-backend","backend","Routes are now cleaner and point to controller functions","1","true","apps/backend/server.js"
"apps/backend/src/routes/syncRoutes.js","vyapar-backend","backend","POST /api/sync/data Endpoint for frontend to sync offline data to backend Expects: { collectionName: string, data: array[] }","1","true","apps/backend/server.js"
"apps/backend/src/routes/tallyRoutes.js","vyapar-backend","backend","Generate Tally XML for a specific date","1","true","apps/backend/server.js"
"apps/backend/src/routes/tdsTcsRoutes.js","vyapar-backend","backend","Route definitions","1","true","apps/backend/server.js"
"apps/backend/src/routes/unitRoutes.js","vyapar-backend","backend","Route definitions","1","true","apps/backend/server.js"
"apps/backend/src/routes/userRoutes.js","vyapar-backend","backend","Sirf 'admin' in APIs ko access kar sakta hai","1","true","apps/backend/server.js"
"apps/backend/src/routes/warehouseRoutes.js","vyapar-backend","backend","Route definitions","1","true","apps/backend/server.js"
"apps/backend/src/routes/whatsappRoutes.js","vyapar-backend","backend","Send WhatsApp Message (Invoice & Payment Link)","1","true","apps/backend/server.js"
"apps/backend/src/services/whatsappService.js","vyapar-backend","backend","1. Fetch Company Settings","1","false","apps/backend/src/controllers/billingController.js"
"apps/backend/src/utils/barcodeGenerator.js","vyapar-backend","backend","Unclassified","1","false","apps/backend/src/utils/index.js"
"apps/backend/src/utils/cronJobs.js","vyapar-backend","backend","Run every day at 10:00 AM ('0 10 ')","1","false","apps/backend/server.js"
"apps/backend/src/utils/emailSender.js","vyapar-backend","backend","Unclassified","1","false","apps/backend/src/controllers/authController.js"
"apps/backend/src/utils/fileUploader.js","vyapar-backend","backend","placeholder logic, integrate multer/s3 later","1","false","apps/backend/src/utils/index.js"
"apps/backend/src/utils/index.js","vyapar-backend","backend","Unclassified","0","true",""
"apps/backend/src/utils/invoicePdfGenerator.js","vyapar-backend","backend","Pipe the PDF into the response","1","false","apps/backend/src/controllers/billingController.js"
"apps/backend/src/utils/keyManager.js","vyapar-backend","backend","Unclassified","1","false","apps/backend/src/utils/index.js"
"apps/backend/src/utils/logger.js","vyapar-backend","backend","Ye function automatically kis user ne kya kiya record karega","9","false","apps/backend/src/controllers/billingController.js | apps/backend/src/controllers/cloudController.js | apps/backend/src/controllers/eWayBillController.js | apps/backend/src/controllers/expensesController.js | apps/backend/src/controllers/fixedAssetController.js | apps/backend/src/controllers/purchaseController.js | apps/backend/src/controllers/purchaseOrderController.js | apps/backend/src/controllers/salaryController.js | apps/backend/src/controllers/tdsTcsController.js"
"apps/backend/src/utils/paymentUtils.js","vyapar-backend","backend","Utility functions","1","false","apps/backend/src/controllers/billingController.js"
"apps/backend/src/utils/pdfGenerator.js","vyapar-backend","backend","Helper function to format currency","1","false","apps/backend/src/utils/index.js"
"apps/backend/src/utils/schemeParser.js","vyapar-backend","backend","placeholder logic","1","false","apps/backend/src/utils/index.js"
"apps/backend/src/utils/validators.js","vyapar-backend","backend","Rule: Expense me title zaroori hai aur amount number hi hona chahiye (>0)","3","false","apps/backend/src/routes/billingRoutes.js | apps/backend/src/routes/expensesRoutes.js | apps/backend/src/routes/purchaseRoutes.js"
"apps/desktop/dist_electron/win-unpacked/resources/app/main.cjs","red-accounting-desktop","frontend","Auto-updater के लिए लॉग्स चालू करें","0","false",""
"apps/desktop/dist_electron/win-unpacked/resources/app/preload.js","red-accounting-desktop","frontend","Database Methods (React इन्ही को कॉल करेगा)","0","false",""
"apps/desktop/dist_electron/win-unpacked/resources/app/src/main/database/db.js","red-accounting-desktop","frontend","डेटाबेस फाइल का नाम","4","false","apps/desktop/dist_electron/win-unpacked/resources/app/main.cjs | apps/desktop/dist_electron/win-unpacked/resources/app/src/main/database/schema.js | apps/desktop/dist_electron/win-unpacked/resources/app/src/main/ipc/handlers.js | apps/desktop/dist_electron/win-unpacked/resources/app/src/main/services/SyncService.js"
"apps/desktop/dist_electron/win-unpacked/resources/app/src/main/database/schema.js","red-accounting-desktop","frontend","1. Customers Table","1","false","apps/desktop/dist_electron/win-unpacked/resources/app/main.cjs"
"apps/desktop/dist_electron/win-unpacked/resources/app/src/main/ipc/handlers.js","red-accounting-desktop","frontend","Prevent double registration","1","false","apps/desktop/dist_electron/win-unpacked/resources/app/main.cjs"
"apps/desktop/dist_electron/win-unpacked/resources/app/src/main/services/SyncService.js","red-accounting-desktop","frontend","API क्लाइंट बनाएँ","1","false","apps/desktop/dist_electron/win-unpacked/resources/app/main.cjs"
"apps/desktop/index.js","red-accounting-desktop","frontend","apps/desktop/src/main/database/migrations/index.js","0","true",""
"apps/desktop/main.cjs","red-accounting-desktop","frontend","Auto-updater के लिए लॉग्स चालू करें","0","false",""
"apps/desktop/postcss.config.js","red-accounting-desktop","frontend","Config file","0","false",""
"apps/desktop/preload.js","red-accounting-desktop","frontend","Database Methods (React इन्ही को कॉल करेगा)","0","false",""
"apps/desktop/src/app.jsx","red-accounting-desktop","frontend","Layout","1","true","apps/desktop/src/index.jsx"
"apps/desktop/src/components/BarcodeScanner.jsx","red-accounting-desktop","frontend","React component","5","false","apps/desktop/src/screens/Billing/BillingPage.jsx | apps/desktop/src/screens/Billing/SchemeApplyModel.jsx | apps/desktop/src/screens/inventory/InventoryPage.jsx | apps/desktop/src/screens/inventory/PurchaseEntryPage.jsx | apps/desktop/src/screens/salary/MarkAttendancePage.jsx"
"apps/desktop/src/components/Button.jsx","red-accounting-desktop","frontend","React component","5","false","apps/desktop/src/screens/inventory/ParseBillFromImage.jsx | apps/desktop/src/screens/inventory/PurchaseEntryPage.jsx | apps/desktop/src/screens/inventory/SalesReturnPage.jsx | apps/desktop/src/screens/laterpad/LaterpadlistPage.jsx | apps/desktop/src/screens/returns/CreateReturnPage.jsx"
"apps/desktop/src/components/CloudSyncToggel.jsx","red-accounting-desktop","frontend","Har 5 second me queue check karta rahega","1","false","apps/desktop/src/components/DashboardLayout.jsx"
"apps/desktop/src/components/DashboardLayout.jsx","red-accounting-desktop","frontend","Get user securely via dbService","1","false","apps/desktop/src/app.jsx"
"apps/desktop/src/components/Datatable.jsx","red-accounting-desktop","frontend","Use a unique key from the data if available, otherwise fall back to index","1","false","apps/desktop/src/screens/inventory/InventoryPage.jsx"
"apps/desktop/src/components/ErrorBoundary.jsx","red-accounting-desktop","frontend","React component","2","false","apps/desktop/src/app.jsx | apps/desktop/src/components/DashboardLayout.jsx"
"apps/desktop/src/components/Footer.jsx","red-accounting-desktop","frontend","Unclassified","1","false","apps/desktop/src/components/DashboardLayout.jsx"
"apps/desktop/src/components/GoogleDriveBackup.jsx","red-accounting-desktop","frontend","React component","1","false","apps/desktop/src/screens/Settings/BackupRestore.jsx"
"apps/desktop/src/components/ImportHistoryManager.jsx","red-accounting-desktop","frontend","React component","2","false","apps/desktop/src/screens/Settings/AppSettingPage.jsx | apps/desktop/src/screens/Settings/SettingsPage.jsx"
"apps/desktop/src/components/Loader.jsx","red-accounting-desktop","frontend","React component","19","false","apps/desktop/src/screens/Billing/BillDetailPage.jsx | apps/desktop/src/screens/inventory/InventoryPage.jsx | apps/desktop/src/screens/inventory/ProductDetailPage.jsx | apps/desktop/src/screens/membership/LoyaltyDetailPage.jsx | apps/desktop/src/screens/notification/ReminderPage.jsx | apps/desktop/src/screens/Reports/BillWiseReportPage.jsx | apps/desktop/src/screens/Reports/CustomerReportBuilder.jsx | apps/desktop/src/screens/Reports/Gstr3bReportPage.jsx | apps/desktop/src/screens/Reports/GstReportPage.jsx | apps/desktop/src/screens/Reports/ItemWiseReport.jsx | apps/desktop/src/screens/Reports/ItemWiseReportpage.jsx | apps/desktop/src/screens/Reports/PartyWiseReportPage.jsx | apps/desktop/src/screens/Reports/ProductGstReportPage.jsx | apps/desktop/src/screens/Reports/ProfitLossReport.jsx | apps/desktop/src/screens/Reports/SchemeReportPage.jsx | apps/desktop/src/screens/Reports/SitewiseReportPage.jsx | apps/desktop/src/screens/salary/AddSalaryPage.jsx | apps/desktop/src/screens/Settings/SecurityLogPage.jsx | apps/desktop/src/screens/Settings/StaffPerformancePage.jsx"
"apps/desktop/src/components/ReportCard.jsx","red-accounting-desktop","frontend","Unclassified","1","false","apps/desktop/src/screens/inventory/InventoryPage.jsx"
"apps/desktop/src/components/SecurityTracker.jsx","red-accounting-desktop","frontend","Check for token synchronously to avoid race conditions on app start.","1","false","apps/desktop/src/app.jsx"
"apps/desktop/src/components/UdharReminder.jsx","red-accounting-desktop","frontend","React component","1","false","apps/desktop/src/screens/Billing/BillingPage.jsx"
"apps/desktop/src/components/WhatsappSender.jsx","red-accounting-desktop","frontend","Generate a Live Tracking Link for the bill","1","false","apps/desktop/src/screens/Billing/BillingPage.jsx"
"apps/desktop/src/contexts/CompanyContext.jsx","red-accounting-desktop","frontend","FIX: Only fetch companies if a token exists. This prevents 401 errors on public pages like login/register.","9","false","apps/desktop/src/app.jsx | apps/desktop/src/components/DashboardLayout.jsx | apps/desktop/src/screens/Billing/BillDetailPage.jsx | apps/desktop/src/screens/Billing/BillingPage.jsx | apps/desktop/src/screens/company/AddCompanyPage.jsx | apps/desktop/src/screens/company/CompanyPage.jsx | apps/desktop/src/screens/inventory/AddProductPage.jsx | apps/desktop/src/screens/inventory/InventoryPage.jsx | apps/desktop/src/screens/Settings/AppSettingPage.jsx"
"apps/desktop/src/contexts/ThemeContext.jsx","red-accounting-desktop","frontend","React context/provider","1","false","apps/desktop/src/index.jsx"
"apps/desktop/src/index.jsx","red-accounting-desktop","frontend","Unclassified","0","true",""
"apps/desktop/src/main/database/db.js","red-accounting-desktop","frontend","डेटाबेस फाइल का नाम","4","false","apps/desktop/main.cjs | apps/desktop/src/main/database/schema.js | apps/desktop/src/main/ipc/handlers.js | apps/desktop/src/main/services/SyncService.js"
"apps/desktop/src/main/database/schema.js","red-accounting-desktop","frontend","1. Customers Table","1","false","apps/desktop/main.cjs"
"apps/desktop/src/main/ipc/handlers.js","red-accounting-desktop","frontend","Prevent double registration","1","false","apps/desktop/main.cjs"
"apps/desktop/src/main/services/SyncService.js","red-accounting-desktop","frontend","API क्लाइंट बनाएँ","1","false","apps/desktop/main.cjs"
"apps/desktop/src/pages/setting/appsetting.jsx","red-accounting-desktop","frontend","Unclassified","1","false","apps/desktop/src/app.jsx"
"apps/desktop/src/pages/setting/cloudSync.jsx","red-accounting-desktop","frontend","Unclassified","1","false","apps/desktop/src/app.jsx"
"apps/desktop/src/pages/setting/profile.jsx","red-accounting-desktop","frontend","Unclassified","1","false","apps/desktop/src/app.jsx"
"apps/desktop/src/pages/setting/securityLog.jsx","red-accounting-desktop","frontend","Unclassified","1","false","apps/desktop/src/app.jsx"
"apps/desktop/src/pages/setting/settings.jsx","red-accounting-desktop","frontend","Unclassified","1","false","apps/desktop/src/app.jsx"
"apps/desktop/src/pages/setting/VerifyOtp.jsx","red-accounting-desktop","frontend","Register पेज से जो userId पास होगी, या Email के link से जो मिलेगी","1","false","apps/desktop/src/app.jsx"
"apps/desktop/src/screens/Auth/ForgotPasswordScreen.jsx","red-accounting-desktop","frontend","Mobile screen","1","false","apps/desktop/src/app.jsx"
"apps/desktop/src/screens/Auth/KeyreCoveryPage.jsx","red-accounting-desktop","frontend","Page component","1","false","apps/desktop/src/app.jsx"
"apps/desktop/src/screens/Auth/LoginScreen.jsx","red-accounting-desktop","frontend","Safely extract token and user","1","false","apps/desktop/src/app.jsx"
"apps/desktop/src/screens/Auth/RegisterScreen.jsx","red-accounting-desktop","frontend","Hum wapas register API call kar rahe hain kyunki backend already handle karta hai ""Resend OTP if user exists but unverified""","1","false","apps/desktop/src/app.jsx"
"apps/desktop/src/screens/Billing/B2bDocumentListPage.jsx","red-accounting-desktop","frontend","Offline first fetch","1","false","apps/desktop/src/app.jsx"
"apps/desktop/src/screens/Billing/BillDetailPage.jsx","red-accounting-desktop","frontend","Offline First","1","false","apps/desktop/src/app.jsx"
"apps/desktop/src/screens/Billing/BillingPage.jsx","red-accounting-desktop","frontend","Advanced Barcode/Smart Unfound States","1","false","apps/desktop/src/app.jsx"
"apps/desktop/src/screens/Billing/BillListPage.jsx","red-accounting-desktop","frontend","Page component","1","false","apps/desktop/src/app.jsx"
"apps/desktop/src/screens/Billing/CreateB2bDocumentPage.jsx","red-accounting-desktop","frontend","Party Offline/Online","1","false","apps/desktop/src/app.jsx"
"apps/desktop/src/screens/Billing/FastPOSPage.jsx","red-accounting-desktop","frontend","Global Keyboard Shortcuts","1","false","apps/desktop/src/app.jsx"
"apps/desktop/src/screens/Billing/ImportBillPage.jsx","red-accounting-desktop","frontend","Page component","1","false","apps/desktop/src/app.jsx"
"apps/desktop/src/screens/Billing/ParseBillFromImage.jsx","red-accounting-desktop","frontend","React component","1","false","apps/desktop/src/app.jsx"
"apps/desktop/src/screens/Billing/SalesReturnPage.jsx","red-accounting-desktop","frontend","Try offline first","1","false","apps/desktop/src/app.jsx"
"apps/desktop/src/screens/Billing/SchemeApplyModel.jsx","red-accounting-desktop","frontend","Auto-focus input when switching to Custom tab for physical scanner readiness","1","false","apps/desktop/src/screens/Billing/BillingPage.jsx"
"apps/desktop/src/screens/company/AddCompanyPage.jsx","red-accounting-desktop","frontend","1. Save Locally","1","false","apps/desktop/src/app.jsx"
"apps/desktop/src/screens/company/BranchPage.jsx","red-accounting-desktop","frontend","Offline First","1","false","apps/desktop/src/app.jsx"
"apps/desktop/src/screens/company/CompanyListPage.jsx","red-accounting-desktop","frontend","Handle different response structures safely","1","false","apps/desktop/src/app.jsx"
"apps/desktop/src/screens/company/CompanyPage.jsx","red-accounting-desktop","frontend","Flush stale cache and hard reload to prevent ghost data","1","false","apps/desktop/src/app.jsx"
"apps/desktop/src/screens/coupons/CouponListPage.jsx","red-accounting-desktop","frontend","Page component","1","false","apps/desktop/src/app.jsx"
"apps/desktop/src/screens/coupons/CouponsPage.jsx","red-accounting-desktop","frontend","Page component","1","false","apps/desktop/src/app.jsx"
"apps/desktop/src/screens/coupons/GenerateCouponPage.jsx","red-accounting-desktop","frontend","Page component","1","false","apps/desktop/src/app.jsx"
"apps/desktop/src/screens/Dashboard/ApprovalsPage.jsx","red-accounting-desktop","frontend","Strictly enforce arrays to prevent .map crashes","1","false","apps/desktop/src/app.jsx"
"apps/desktop/src/screens/Dashboard/DashboardScreen.jsx","red-accounting-desktop","frontend","Parallel API calls for faster loading","1","false","apps/desktop/src/app.jsx"
"apps/desktop/src/screens/expenses/AddExpensePage.jsx","red-accounting-desktop","frontend","Page component","1","false","apps/desktop/src/app.jsx"
"apps/desktop/src/screens/expenses/ExpensesListPage.jsx","red-accounting-desktop","frontend","Fix Sorting","1","false","apps/desktop/src/app.jsx"
"apps/desktop/src/screens/expenses/ExpensesPage.jsx","red-accounting-desktop","frontend","STRICT OFFLINE FIRST: Only read from SQLite","1","false","apps/desktop/src/app.jsx"
"apps/desktop/src/screens/inventory/AddProductPage.jsx","red-accounting-desktop","frontend","Business Specific Fields","1","false","apps/desktop/src/app.jsx"
"apps/desktop/src/screens/inventory/BulkProductPage.jsx","red-accounting-desktop","frontend","Undo Upload States","1","false","apps/desktop/src/app.jsx"
"apps/desktop/src/screens/inventory/BulkUploadPage.jsx","red-accounting-desktop","frontend","Undo Upload States","1","false","apps/desktop/src/app.jsx"
"apps/desktop/src/screens/inventory/CategoryAnalyticsPage.jsx","red-accounting-desktop","frontend","Group by category","1","false","apps/desktop/src/app.jsx"
"apps/desktop/src/screens/inventory/CategoryManagementPage.jsx","red-accounting-desktop","frontend","Modal States","1","false","apps/desktop/src/app.jsx"
"apps/desktop/src/screens/inventory/InventoryPage.jsx","red-accounting-desktop","frontend","Business Specific Fields","1","false","apps/desktop/src/app.jsx"
"apps/desktop/src/screens/inventory/ItemMasterPage.jsx","red-accounting-desktop","frontend","Handle different API response structures dynamically","1","false","apps/desktop/src/app.jsx"
"apps/desktop/src/screens/inventory/ParseBillFromImage.jsx","red-accounting-desktop","frontend","Smart Word Matching Algorithm (Fuzzy Logic)","1","false","apps/desktop/src/app.jsx"
"apps/desktop/src/screens/inventory/ProductDetailPage.jsx","red-accounting-desktop","frontend","Page component","1","false","apps/desktop/src/app.jsx"
"apps/desktop/src/screens/inventory/ProductListPage.jsx","red-accounting-desktop","frontend","1. Offline First: Local Desktop DB se products lo","1","false","apps/desktop/src/app.jsx"
"apps/desktop/src/screens/inventory/PurchaseEntryPage.jsx","red-accounting-desktop","frontend","Fetch Parties","1","false","apps/desktop/src/app.jsx"
"apps/desktop/src/screens/inventory/SalesReturnPage.jsx","red-accounting-desktop","frontend","Save locally","1","false","apps/desktop/src/app.jsx"
"apps/desktop/src/screens/inventory/SerialBatchPage.jsx","red-accounting-desktop","frontend","Page component","1","false","apps/desktop/src/app.jsx"
"apps/desktop/src/screens/inventory/StockAdjustmentPage.jsx","red-accounting-desktop","frontend","1. Save Locally (Updates adjustment table AND products table immediately)","1","false","apps/desktop/src/app.jsx"
"apps/desktop/src/screens/inventory/StockTransferPage.jsx","red-accounting-desktop","frontend","Reset form after success","1","false","apps/desktop/src/app.jsx"
"apps/desktop/src/screens/inventory/SupplierLedgerPage.jsx","red-accounting-desktop","frontend","Local format date helper in case shared one is inaccessible offline","1","false","apps/desktop/src/app.jsx"
"apps/desktop/src/screens/laterpad/LaterpadlistPage.jsx","red-accounting-desktop","frontend","Page component","1","false","apps/desktop/src/app.jsx"
"apps/desktop/src/screens/laterpad/LaterpadPage.jsx","red-accounting-desktop","frontend","Function to save note","1","false","apps/desktop/src/app.jsx"
"apps/desktop/src/screens/membership/LoyaltyDetailPage.jsx","red-accounting-desktop","frontend","Page component","1","false","apps/desktop/src/app.jsx"
"apps/desktop/src/screens/membership/MemberShipListPage.jsx","red-accounting-desktop","frontend","Fetch members from API","1","false","apps/desktop/src/app.jsx"
"apps/desktop/src/screens/membership/MembershipPage.jsx","red-accounting-desktop","frontend","Page component","1","false","apps/desktop/src/app.jsx"
"apps/desktop/src/screens/notification/NotificationPage.jsx","red-accounting-desktop","frontend","Offline support","1","false","apps/desktop/src/app.jsx"
"apps/desktop/src/screens/notification/ReminderPage.jsx","red-accounting-desktop","frontend","Offline support","1","false","apps/desktop/src/app.jsx"
"apps/desktop/src/screens/parties/PartiesPage.jsx","red-accounting-desktop","frontend","ULTIMATE ARRAY CHECK (Prevents White Screen)","1","false","apps/desktop/src/app.jsx"
"apps/desktop/src/screens/Reports/AgingReportPage.jsx","red-accounting-desktop","frontend","Page component","1","false","apps/desktop/src/app.jsx"
"apps/desktop/src/screens/Reports/BankReconciliationPage.jsx","red-accounting-desktop","frontend","Handle File Selection","1","false","apps/desktop/src/app.jsx"
"apps/desktop/src/screens/Reports/BillWiseReportPage.jsx","red-accounting-desktop","frontend","Page component","1","false","apps/desktop/src/app.jsx"
"apps/desktop/src/screens/Reports/CustomerReportBuilder.jsx","red-accounting-desktop","frontend","React component","1","false","apps/desktop/src/app.jsx"
"apps/desktop/src/screens/Reports/DayBookPage.jsx","red-accounting-desktop","frontend","Helper function to check if date matches selectedDate","1","false","apps/desktop/src/app.jsx"
"apps/desktop/src/screens/Reports/EWayBillPage.jsx","red-accounting-desktop","frontend","Page component","1","false","apps/desktop/src/app.jsx"
"apps/desktop/src/screens/Reports/FixedAssetsPage.jsx","red-accounting-desktop","frontend","Page component","1","false","apps/desktop/src/app.jsx"
"apps/desktop/src/screens/Reports/GraphicalAnalytics.jsx","red-accounting-desktop","frontend","OFFLINE-FIRST: Fetch from local SQLite DB for Desktop","1","false","apps/desktop/src/app.jsx"
"apps/desktop/src/screens/Reports/Gstr3bReportPage.jsx","red-accounting-desktop","frontend","Page component","1","false","apps/desktop/src/app.jsx"
"apps/desktop/src/screens/Reports/GstReportPage.jsx","red-accounting-desktop","frontend","Month selection for proper reporting","1","false","apps/desktop/src/app.jsx"
"apps/desktop/src/screens/Reports/ItemWiseReport.jsx","red-accounting-desktop","frontend","React component","1","false","apps/desktop/src/app.jsx"
"apps/desktop/src/screens/Reports/ItemWiseReportpage.jsx","red-accounting-desktop","frontend","Page component","1","false","apps/desktop/src/app.jsx"
"apps/desktop/src/screens/Reports/PartyWiseReportPage.jsx","red-accounting-desktop","frontend","Page component","1","false","apps/desktop/src/app.jsx"
"apps/desktop/src/screens/Reports/ProductGstReportPage.jsx","red-accounting-desktop","frontend","Page component","1","false","apps/desktop/src/app.jsx"
"apps/desktop/src/screens/Reports/ProfitLossReport.jsx","red-accounting-desktop","frontend","The API returns an object with a 'data' property containing the report","1","false","apps/desktop/src/app.jsx"
"apps/desktop/src/screens/Reports/ReportsPage.jsx","red-accounting-desktop","frontend","Real data states","1","false","apps/desktop/src/app.jsx"
"apps/desktop/src/screens/Reports/SchemeReportPage.jsx","red-accounting-desktop","frontend","Page component","1","false","apps/desktop/src/app.jsx"
"apps/desktop/src/screens/Reports/SitewiseReportPage.jsx","red-accounting-desktop","frontend","Dummy list of sites for filter dropdown","1","false","apps/desktop/src/app.jsx"
"apps/desktop/src/screens/Reports/SupplierLedgerPage.jsx","red-accounting-desktop","frontend","Fetch unique suppliers from inventory","1","false","apps/desktop/src/app.jsx"
"apps/desktop/src/screens/Reports/TdsTcsPage.jsx","red-accounting-desktop","frontend","Page component","1","false","apps/desktop/src/app.jsx"
"apps/desktop/src/screens/returns/CreateReturnPage.jsx","red-accounting-desktop","frontend","Page component","1","false","apps/desktop/src/app.jsx"
"apps/desktop/src/screens/salary/AddSalaryPage.jsx","red-accounting-desktop","frontend","Page component","1","false","apps/desktop/src/app.jsx"
"apps/desktop/src/screens/salary/MarkAttendancePage.jsx","red-accounting-desktop","frontend","Attendance Form","1","false","apps/desktop/src/app.jsx"
"apps/desktop/src/screens/salary/SalaryListPage.jsx","red-accounting-desktop","frontend","Page component","1","false","apps/desktop/src/app.jsx"
"apps/desktop/src/screens/salary/SalaryPage.jsx","red-accounting-desktop","frontend","Page component","1","false","apps/desktop/src/app.jsx"
"apps/desktop/src/screens/salary/StaffStatementPage.jsx","red-accounting-desktop","frontend","Page component","1","false","apps/desktop/src/app.jsx"
"apps/desktop/src/screens/Settings/AppSettingPage.jsx","red-accounting-desktop","frontend","WhatsApp States","1","false","apps/desktop/src/app.jsx"
"apps/desktop/src/screens/Settings/BackupRestore.jsx","red-accounting-desktop","frontend","React component","1","false","apps/desktop/src/app.jsx"
"apps/desktop/src/screens/Settings/ProfilePage.jsx","red-accounting-desktop","frontend","Logic to save user profile","1","false","apps/desktop/src/app.jsx"
"apps/desktop/src/screens/Settings/SecurityLogPage.jsx","red-accounting-desktop","frontend","Page component","1","false","apps/desktop/src/app.jsx"
"apps/desktop/src/screens/Settings/SettingsPage.jsx","red-accounting-desktop","frontend","Form states","1","false","apps/desktop/src/app.jsx"
"apps/desktop/src/screens/Settings/StaffManagementPage.jsx","red-accounting-desktop","frontend","Staff Form","1","false","apps/desktop/src/app.jsx"
"apps/desktop/src/screens/Settings/StaffPerformancePage.jsx","red-accounting-desktop","frontend","Try fetching from API first, fallback to local DB for offline","1","false","apps/desktop/src/app.jsx"
"apps/desktop/src/screens/Settings/UnitSettingsPage.jsx","red-accounting-desktop","frontend","Default ko empty array [] assign karna zaroori hai taaki .map() crash na kare","1","false","apps/desktop/src/app.jsx"
"apps/desktop/src/screens/Settings/WebPreferences.jsx","red-accounting-desktop","frontend","Logic to save web preferences","1","false","apps/desktop/src/app.jsx"
"apps/desktop/src/screens/Settings/WhatsappSettingsPage.jsx","red-accounting-desktop","frontend","Fetch existing settings","1","false","apps/desktop/src/app.jsx"
"apps/desktop/src/screens/warehouse/AddWarehousePage.jsx","red-accounting-desktop","frontend","Page component","1","false","apps/desktop/src/app.jsx"
"apps/desktop/src/screens/warehouse/WareHouseListPage.jsx","red-accounting-desktop","frontend","Page component","1","false","apps/desktop/src/app.jsx"
"apps/desktop/src/services/api.jsx","red-accounting-desktop","frontend","Attach services to api instance for convenience","74","false","apps/desktop/src/components/ImportHistoryManager.jsx | apps/desktop/src/components/SecurityTracker.jsx | apps/desktop/src/components/WhatsappSender.jsx | apps/desktop/src/contexts/CompanyContext.jsx | apps/desktop/src/pages/setting/cloudSync.jsx | apps/desktop/src/pages/setting/profile.jsx | apps/desktop/src/pages/setting/securityLog.jsx | apps/desktop/src/pages/setting/settings.jsx | apps/desktop/src/screens/Auth/ForgotPasswordScreen.jsx | apps/desktop/src/screens/Auth/KeyreCoveryPage.jsx | apps/desktop/src/screens/Auth/LoginScreen.jsx | apps/desktop/src/screens/Auth/RegisterScreen.jsx | apps/desktop/src/screens/Billing/B2bDocumentListPage.jsx | apps/desktop/src/screens/Billing/BillDetailPage.jsx | apps/desktop/src/screens/Billing/BillingPage.jsx | apps/desktop/src/screens/Billing/CreateB2bDocumentPage.jsx | apps/desktop/src/screens/Billing/ImportBillPage.jsx | apps/desktop/src/screens/Billing/SalesReturnPage.jsx | apps/desktop/src/screens/Billing/SchemeApplyModel.jsx | apps/desktop/src/screens/company/AddCompanyPage.jsx | apps/desktop/src/screens/company/BranchPage.jsx | apps/desktop/src/screens/company/CompanyListPage.jsx | apps/desktop/src/screens/company/CompanyPage.jsx | apps/desktop/src/screens/coupons/CouponListPage.jsx | apps/desktop/src/screens/coupons/CouponsPage.jsx | apps/desktop/src/screens/coupons/GenerateCouponPage.jsx | apps/desktop/src/screens/Dashboard/ApprovalsPage.jsx | apps/desktop/src/screens/Dashboard/DashboardScreen.jsx | apps/desktop/src/screens/inventory/AddProductPage.jsx | apps/desktop/src/screens/inventory/BulkProductPage.jsx | apps/desktop/src/screens/inventory/BulkUploadPage.jsx | apps/desktop/src/screens/inventory/CategoryManagementPage.jsx | apps/desktop/src/screens/inventory/InventoryPage.jsx | apps/desktop/src/screens/inventory/ItemMasterPage.jsx | apps/desktop/src/screens/inventory/ParseBillFromImage.jsx | apps/desktop/src/screens/inventory/ProductDetailPage.jsx | apps/desktop/src/screens/inventory/ProductListPage.jsx | apps/desktop/src/screens/inventory/PurchaseEntryPage.jsx | apps/desktop/src/screens/inventory/SalesReturnPage.jsx | apps/desktop/src/screens/inventory/StockTransferPage.jsx | apps/desktop/src/screens/inventory/SupplierLedgerPage.jsx | apps/desktop/src/screens/laterpad/LaterpadlistPage.jsx | apps/desktop/src/screens/laterpad/LaterpadPage.jsx | apps/desktop/src/screens/membership/MemberShipListPage.jsx | apps/desktop/src/screens/membership/MembershipPage.jsx | apps/desktop/src/screens/notification/NotificationPage.jsx | apps/desktop/src/screens/notification/ReminderPage.jsx | apps/desktop/src/screens/parties/PartiesPage.jsx | apps/desktop/src/screens/Reports/AgingReportPage.jsx | apps/desktop/src/screens/Reports/BankReconciliationPage.jsx | apps/desktop/src/screens/Reports/BillWiseReportPage.jsx | apps/desktop/src/screens/Reports/CustomerReportBuilder.jsx | apps/desktop/src/screens/Reports/DayBookPage.jsx | apps/desktop/src/screens/Reports/EWayBillPage.jsx | apps/desktop/src/screens/Reports/FixedAssetsPage.jsx | apps/desktop/src/screens/Reports/Gstr3bReportPage.jsx | apps/desktop/src/screens/Reports/GstReportPage.jsx | apps/desktop/src/screens/Reports/ItemWiseReport.jsx | apps/desktop/src/screens/Reports/ItemWiseReportpage.jsx | apps/desktop/src/screens/Reports/PartyWiseReportPage.jsx | apps/desktop/src/screens/Reports/ProductGstReportPage.jsx | apps/desktop/src/screens/Reports/ProfitLossReport.jsx | apps/desktop/src/screens/Reports/ReportsPage.jsx | apps/desktop/src/screens/Reports/SchemeReportPage.jsx | apps/desktop/src/screens/Reports/SitewiseReportPage.jsx | apps/desktop/src/screens/Reports/SupplierLedgerPage.jsx | apps/desktop/src/screens/Reports/TdsTcsPage.jsx | apps/desktop/src/screens/returns/CreateReturnPage.jsx | apps/desktop/src/screens/Settings/AppSettingPage.jsx | apps/desktop/src/screens/Settings/StaffManagementPage.jsx | apps/desktop/src/screens/Settings/StaffPerformancePage.jsx | apps/desktop/src/screens/Settings/UnitSettingsPage.jsx | apps/desktop/src/screens/Settings/WhatsappSettingsPage.jsx | apps/desktop/src/screens/warehouse/AddWarehousePage.jsx"
"apps/desktop/src/services/auditService.js","red-accounting-desktop","frontend","1. Save Locally","23","false","apps/desktop/src/screens/Billing/B2bDocumentListPage.jsx | apps/desktop/src/screens/Billing/BillingPage.jsx | apps/desktop/src/screens/Billing/CreateB2bDocumentPage.jsx | apps/desktop/src/screens/Billing/SalesReturnPage.jsx | apps/desktop/src/screens/company/AddCompanyPage.jsx | apps/desktop/src/screens/company/BranchPage.jsx | apps/desktop/src/screens/company/CompanyPage.jsx | apps/desktop/src/screens/expenses/AddExpensePage.jsx | apps/desktop/src/screens/expenses/ExpensesPage.jsx | apps/desktop/src/screens/inventory/BulkUploadPage.jsx | apps/desktop/src/screens/inventory/InventoryPage.jsx | apps/desktop/src/screens/inventory/ParseBillFromImage.jsx | apps/desktop/src/screens/inventory/PurchaseEntryPage.jsx | apps/desktop/src/screens/inventory/SalesReturnPage.jsx | apps/desktop/src/screens/inventory/StockAdjustmentPage.jsx | apps/desktop/src/screens/inventory/StockTransferPage.jsx | apps/desktop/src/screens/laterpad/LaterpadlistPage.jsx | apps/desktop/src/screens/laterpad/LaterpadPage.jsx | apps/desktop/src/screens/parties/PartiesPage.jsx | apps/desktop/src/screens/salary/SalaryPage.jsx | apps/desktop/src/screens/Settings/AppSettingPage.jsx | apps/desktop/src/screens/Settings/SettingsPage.jsx | apps/desktop/src/screens/Settings/StaffManagementPage.jsx"
"apps/desktop/src/services/dbService.js","red-accounting-desktop","frontend","Added Billing Methods for Offline-First Architecture","49","false","apps/desktop/src/components/DashboardLayout.jsx | apps/desktop/src/contexts/CompanyContext.jsx | apps/desktop/src/screens/Auth/LoginScreen.jsx | apps/desktop/src/screens/Billing/B2bDocumentListPage.jsx | apps/desktop/src/screens/Billing/BillDetailPage.jsx | apps/desktop/src/screens/Billing/BillingPage.jsx | apps/desktop/src/screens/Billing/CreateB2bDocumentPage.jsx | apps/desktop/src/screens/Billing/FastPOSPage.jsx | apps/desktop/src/screens/Billing/SalesReturnPage.jsx | apps/desktop/src/screens/Billing/SchemeApplyModel.jsx | apps/desktop/src/screens/company/AddCompanyPage.jsx | apps/desktop/src/screens/company/BranchPage.jsx | apps/desktop/src/screens/company/CompanyListPage.jsx | apps/desktop/src/screens/company/CompanyPage.jsx | apps/desktop/src/screens/Dashboard/ApprovalsPage.jsx | apps/desktop/src/screens/expenses/AddExpensePage.jsx | apps/desktop/src/screens/expenses/ExpensesListPage.jsx | apps/desktop/src/screens/expenses/ExpensesPage.jsx | apps/desktop/src/screens/inventory/AddProductPage.jsx | apps/desktop/src/screens/inventory/BulkProductPage.jsx | apps/desktop/src/screens/inventory/BulkUploadPage.jsx | apps/desktop/src/screens/inventory/CategoryAnalyticsPage.jsx | apps/desktop/src/screens/inventory/CategoryManagementPage.jsx | apps/desktop/src/screens/inventory/InventoryPage.jsx | apps/desktop/src/screens/inventory/ParseBillFromImage.jsx | apps/desktop/src/screens/inventory/ProductListPage.jsx | apps/desktop/src/screens/inventory/PurchaseEntryPage.jsx | apps/desktop/src/screens/inventory/SalesReturnPage.jsx | apps/desktop/src/screens/inventory/StockAdjustmentPage.jsx | apps/desktop/src/screens/inventory/StockTransferPage.jsx | apps/desktop/src/screens/inventory/SupplierLedgerPage.jsx | apps/desktop/src/screens/laterpad/LaterpadlistPage.jsx | apps/desktop/src/screens/laterpad/LaterpadPage.jsx | apps/desktop/src/screens/notification/NotificationPage.jsx | apps/desktop/src/screens/notification/ReminderPage.jsx | apps/desktop/src/screens/parties/PartiesPage.jsx | apps/desktop/src/screens/Reports/DayBookPage.jsx | apps/desktop/src/screens/Reports/GraphicalAnalytics.jsx | apps/desktop/src/screens/salary/AddSalaryPage.jsx | apps/desktop/src/screens/salary/MarkAttendancePage.jsx | apps/desktop/src/screens/salary/SalaryListPage.jsx | apps/desktop/src/screens/salary/SalaryPage.jsx | apps/desktop/src/screens/salary/StaffStatementPage.jsx | apps/desktop/src/screens/Settings/AppSettingPage.jsx | apps/desktop/src/screens/Settings/SecurityLogPage.jsx | apps/desktop/src/screens/Settings/SettingsPage.jsx | apps/desktop/src/screens/Settings/StaffManagementPage.jsx | apps/desktop/src/screens/Settings/StaffPerformancePage.jsx | apps/desktop/src/screens/Settings/UnitSettingsPage.jsx"
"apps/desktop/src/styles/theme.jsx","red-accounting-desktop","frontend","Unclassified","1","false","apps/desktop/src/styles/Webtheme.jsx"
"apps/desktop/src/styles/Webtheme.jsx","red-accounting-desktop","frontend","Unclassified","1","false","apps/desktop/src/index.jsx"
"apps/desktop/src/utils/barcodeGenerator.jsx","red-accounting-desktop","frontend","Unclassified","1","false","apps/desktop/src/screens/inventory/InventoryPage.jsx"
"apps/desktop/src/utils/gst.js","red-accounting-desktop","frontend","Unclassified","2","false","apps/desktop/src/screens/inventory/AddProductPage.jsx | apps/desktop/src/screens/inventory/InventoryPage.jsx"
"apps/desktop/src/utils/imageHandler.jsx","red-accounting-desktop","frontend","Unclassified","1","false","apps/desktop/src/utils/index.js"
"apps/desktop/src/utils/index.js","red-accounting-desktop","frontend","Unclassified","0","true",""
"apps/desktop/src/utils/PdfParser.jsx","red-accounting-desktop","frontend","Unclassified","1","false","apps/desktop/src/utils/index.js"
"apps/desktop/tailwind.config.js","red-accounting-desktop","frontend","Config file","0","true",""
"apps/desktop/vite.config.js","red-accounting-desktop","frontend","https://vitejs.dev/config/","0","false",""
"apps/mobile/app.js","mobile-inventory-app","frontend","Unclassified","0","true",""
"apps/mobile/babel.config.js","mobile-inventory-app","frontend","Config file","0","true",""
"apps/mobile/db.js","mobile-inventory-app","frontend","Asynchronous तरीके से DB ओपन करें ताकि Web पर SharedArrayBuffer का एरर न आए","31","false","apps/mobile/src/context/AuthContext.js | apps/mobile/src/context/CompanyContext.js | apps/mobile/src/screens/billing/BillListScreen.js | apps/mobile/src/screens/billing/CreateBillScreen.js | apps/mobile/src/screens/company/AddCompanyScreen.js | apps/mobile/src/screens/company/BranchScreen.js | apps/mobile/src/screens/coupons/AddCouponScreen.js | apps/mobile/src/screens/coupons/couponListScreen.js | apps/mobile/src/screens/dashboard/MainDashboard.js | apps/mobile/src/screens/expenses/AddExpensesScreen.js | apps/mobile/src/screens/expenses/ExpensesListScreen.js | apps/mobile/src/screens/inventory/AddProductScreen.js | apps/mobile/src/screens/inventory/InventoryScreen.js | apps/mobile/src/screens/inventory/ProductListScreen.js | apps/mobile/src/screens/inventory/PurchaseEntryScreen.js | apps/mobile/src/screens/parties/AddPartyScreen.js | apps/mobile/src/screens/parties/PartiesScreen.js | apps/mobile/src/screens/parties/PaymentEntryScreen.js | apps/mobile/src/screens/returns/CreateReturnPage.js | apps/mobile/src/screens/salary/AddStaffScreen.js | apps/mobile/src/screens/salary/MarkAttendanceScreen.js | apps/mobile/src/screens/salary/SalaryListScreen.js | apps/mobile/src/screens/salary/StaffStatementScreen.js | apps/mobile/src/screens/settings/AppSettingsScreen.js | apps/mobile/src/screens/settings/CloudsyncSetting.js | apps/mobile/src/screens/settings/NotificationSettings.js | apps/mobile/src/screens/settings/SecurityLogsScreen.js | apps/mobile/src/screens/settings/SettingsScreen.js | apps/mobile/src/screens/settings/StaffManagementScreen.js | apps/mobile/src/screens/warehouse/AddWarehouseScreen.js | apps/mobile/src/screens/warehouse/WarehouseListScreen.js"
"apps/mobile/ignoreWarnings.js","mobile-inventory-app","frontend","Suppress specific warnings that are known and non-critical.","0","false",""
"apps/mobile/metro.config.js","mobile-inventory-app","frontend","प्रोजेक्ट और वर्कस्पेस रूट का पता लगाएँ","0","true",""
"apps/mobile/src/components/Button.js","mobile-inventory-app","frontend","Unclassified","2","false","apps/mobile/src/components/index.js | apps/mobile/src/screens/settings/ProfileScreen.js"
"apps/mobile/src/components/CalculatorModal.js","mobile-inventory-app","frontend","Reset Calculator","1","false","apps/mobile/src/screens/dashboard/MainDashboard.js"
"apps/mobile/src/components/Card.js","mobile-inventory-app","frontend","Unclassified","2","false","apps/mobile/src/components/index.js | apps/mobile/src/screens/settings/ProfileScreen.js"
"apps/mobile/src/components/CloudSyncToggle.js","mobile-inventory-app","frontend","React component","1","false","apps/mobile/src/components/Header.js"
"apps/mobile/src/components/Footer.js","mobile-inventory-app","frontend","Unclassified","1","false","apps/mobile/src/components/index.js"
"apps/mobile/src/components/Header.js","mobile-inventory-app","frontend","React component","2","false","apps/mobile/src/components/index.js | apps/mobile/src/screens/settings/ProfileScreen.js"
"apps/mobile/src/components/ImportHistoryManager.js","mobile-inventory-app","frontend","React component","1","false","apps/mobile/src/screens/inventory/BulkUploadScreen.js"
"apps/mobile/src/components/index.js","mobile-inventory-app","frontend","Unclassified","0","true",""
"apps/mobile/src/components/Loader.js","mobile-inventory-app","frontend","Unclassified","2","false","apps/mobile/src/components/index.js | apps/mobile/src/navigation/AppNavigator.js"
"apps/mobile/src/components/ReportCard.js","mobile-inventory-app","frontend","Unclassified","2","false","apps/mobile/src/components/index.js | apps/mobile/src/screens/report/SalesReportScreen.js"
"apps/mobile/src/components/UdharReminder.js","mobile-inventory-app","frontend","React component","1","false","apps/mobile/src/screens/billing/ConsolidateUdharScreen.js"
"apps/mobile/src/components/WhatsappSender.js","mobile-inventory-app","frontend","Fetch dynamic message with Payment Link from Backend","2","false","apps/mobile/src/screens/billing/BillDetailscreen.js | apps/mobile/src/screens/billing/BillListScreen.js"
"apps/mobile/src/context/AuthContext.js","mobile-inventory-app","frontend","1. Initialize Local Database (Offline-First Setup)","7","false","apps/mobile/app.js | apps/mobile/src/context/CompanyContext.js | apps/mobile/src/navigation/AppNavigator.js | apps/mobile/src/screens/auth/LoginScreen.js | apps/mobile/src/screens/settings/AppSettingsScreen.js | apps/mobile/src/screens/settings/ProfileScreen.js | apps/mobile/src/screens/settings/SettingsScreen.js"
"apps/mobile/src/context/CompanyContext.js","mobile-inventory-app","frontend","1. Offline First: Try to load from local DB","3","false","apps/mobile/app.js | apps/mobile/src/screens/company/CompanyListScreen.js | apps/mobile/src/screens/dashboard/MainDashboard.js"
"apps/mobile/src/hooks/useOfflineMode.js","mobile-inventory-app","frontend","React hook","1","false","apps/mobile/src/screens/billing/ConsolidateUdharScreen.js"
"apps/mobile/src/navigation/AppNavigator.js","mobile-inventory-app","frontend","Navigators","1","false","apps/mobile/app.js"
"apps/mobile/src/navigation/BillingNavigator.js","mobile-inventory-app","frontend","Re-wired B2B screens moved from SettingsNavigator","1","false","apps/mobile/src/navigation/AppNavigator.js"
"apps/mobile/src/navigation/InventoryNavigator.js","mobile-inventory-app","frontend","Navigator for all screens related to Inventory Management.","1","false","apps/mobile/src/navigation/AppNavigator.js"
"apps/mobile/src/navigation/MainTabNavigator.js","mobile-inventory-app","frontend","Import Screens (Aapko apne hisaab se paths adjust karne pad sakte hain)","1","false","apps/mobile/src/navigation/AppNavigator.js"
"apps/mobile/src/navigation/PartyNavigator.js","mobile-inventory-app","frontend","Navigator for all screens related to Parties/Customers.","1","false","apps/mobile/src/navigation/AppNavigator.js"
"apps/mobile/src/navigation/ReportNavigator.js","mobile-inventory-app","frontend","React component","1","false","apps/mobile/src/navigation/AppNavigator.js"
"apps/mobile/src/navigation/SettingsNavigator.js","mobile-inventory-app","frontend","Settings","1","false","apps/mobile/src/navigation/AppNavigator.js"
"apps/mobile/src/screens/auth/ForgotPasswordscreen.js","mobile-inventory-app","frontend","Mobile screen","1","false","apps/mobile/src/navigation/AppNavigator.js"
"apps/mobile/src/screens/auth/KeyrecoveryScreen.js","mobile-inventory-app","frontend","Navigate to reset password or dashboard as needed","1","false","apps/mobile/src/navigation/AppNavigator.js"
"apps/mobile/src/screens/auth/LoginScreen.js","mobile-inventory-app","frontend","Use the login function from AuthContext.","1","false","apps/mobile/src/navigation/AppNavigator.js"
"apps/mobile/src/screens/auth/RegisterScreen.js","mobile-inventory-app","frontend","Mobile screen","1","false","apps/mobile/src/navigation/AppNavigator.js"
"apps/mobile/src/screens/billing/B2bDocumentListScreen.js","mobile-inventory-app","frontend","Mobile screen","1","false","apps/mobile/src/navigation/BillingNavigator.js"
"apps/mobile/src/screens/billing/BillDetailscreen.js","mobile-inventory-app","frontend","navigation.navigate('EwayBill', { bill });","1","false","apps/mobile/src/navigation/BillingNavigator.js"
"apps/mobile/src/screens/billing/BillListScreen.js","mobile-inventory-app","frontend","1. Offline First: Turant Local SQLite se dikhayein","1","false","apps/mobile/src/navigation/BillingNavigator.js"
"apps/mobile/src/screens/billing/ConsolidatedStatementDetail.js","mobile-inventory-app","frontend","React component","1","false","apps/mobile/src/navigation/BillingNavigator.js"
"apps/mobile/src/screens/billing/ConsolidateUdharScreen.js","mobile-inventory-app","frontend","Mobile screen","1","false","apps/mobile/src/navigation/BillingNavigator.js"
"apps/mobile/src/screens/billing/CreateB2bDocumentScreen.js","mobile-inventory-app","frontend","B2B mostly deals with customers or both","1","false","apps/mobile/src/navigation/BillingNavigator.js"
"apps/mobile/src/screens/billing/CreateBillScreen.js","mobile-inventory-app","frontend","NEW: Additional Charges & Agent","1","false","apps/mobile/src/navigation/BillingNavigator.js"
"apps/mobile/src/screens/billing/ImportBillScreen.js","mobile-inventory-app","frontend","Note: postData handles JSON usually. For multipart, fetch is often better or adapt postData.","1","false","apps/mobile/src/navigation/BillingNavigator.js"
"apps/mobile/src/screens/billing/MultiSiteBillingScreen.js","mobile-inventory-app","frontend","Mobile screen","1","false","apps/mobile/src/navigation/BillingNavigator.js"
"apps/mobile/src/screens/billing/NongstBillingScreen.js","mobile-inventory-app","frontend","Mobile screen","1","false","apps/mobile/src/navigation/BillingNavigator.js"
"apps/mobile/src/screens/billing/ReviewParsedBillScreen.js","mobile-inventory-app","frontend","Optionally parse bill header info from fullText if needed","1","false","apps/mobile/src/navigation/BillingNavigator.js"
"apps/mobile/src/screens/billing/SchemeApplyModel.js","mobile-inventory-app","frontend","Data model / schema","1","false","apps/mobile/src/navigation/BillingNavigator.js"
"apps/mobile/src/screens/billing/ThirdPartyDispatchBilling.js","mobile-inventory-app","frontend","React component","1","false","apps/mobile/src/navigation/BillingNavigator.js"
"apps/mobile/src/screens/company/AddCompanyScreen.js","mobile-inventory-app","frontend","1. Offline First: Save to SQLite","1","false","apps/mobile/src/navigation/SettingsNavigator.js"
"apps/mobile/src/screens/company/BranchScreen.js","mobile-inventory-app","frontend","1. Offline First: Fetch from SQLite","1","false","apps/mobile/src/navigation/SettingsNavigator.js"
"apps/mobile/src/screens/company/CompanyListScreen.js","mobile-inventory-app","frontend","Navigate back to the main app dashboard after selection","1","false","apps/mobile/src/navigation/SettingsNavigator.js"
"apps/mobile/src/screens/company/FeatureControlScreen.js","mobile-inventory-app","frontend","Mock features state - in real app, fetch from API based on companyId","1","false","apps/mobile/src/navigation/SettingsNavigator.js"
"apps/mobile/src/screens/coupons/AddCouponScreen.js","mobile-inventory-app","frontend","Default expiry to 30 days if not provided","1","false","apps/mobile/src/navigation/SettingsNavigator.js"
"apps/mobile/src/screens/coupons/couponListScreen.js","mobile-inventory-app","frontend","1. Offline First: Fetch from SQLite","1","false","apps/mobile/src/navigation/SettingsNavigator.js"
"apps/mobile/src/screens/dashboard/ApprovalsScreen.js","mobile-inventory-app","frontend","Mobile screen","1","false","apps/mobile/src/navigation/AppNavigator.js"
"apps/mobile/src/screens/dashboard/MainDashboard.js","mobile-inventory-app","frontend","1. Primary: Fetch Live Data from Backend","1","false","apps/mobile/src/navigation/MainTabNavigator.js"
"apps/mobile/src/screens/expenses/AddExpensesScreen.js","mobile-inventory-app","frontend","c:\Users\Lenovo1\Desktop\red-accounting-book\frontend\mobile\src\screens\expenses\AddExpenseScreen.js","1","false","apps/mobile/src/navigation/SettingsNavigator.js"
"apps/mobile/src/screens/expenses/ExpensesListScreen.js","mobile-inventory-app","frontend","c:\Users\Lenovo1\Desktop\red-accounting-book\frontend\mobile\src\screens\expenses\ExpansesListScreen.js","1","false","apps/mobile/src/navigation/SettingsNavigator.js"
"apps/mobile/src/screens/inventory/AddProductScreen.js","mobile-inventory-app","frontend","New Business Specific Fields","2","false","apps/mobile/src/navigation/AppNavigator.js | apps/mobile/src/navigation/InventoryNavigator.js"
"apps/mobile/src/screens/inventory/BulkUploadScreen.js","mobile-inventory-app","frontend","Smart Auto-Mapping Logic","1","false","apps/mobile/src/navigation/InventoryNavigator.js"
"apps/mobile/src/screens/inventory/CategoryAnalyticsScreen.js","mobile-inventory-app","frontend","Initialize master lists to show even empty categories","1","false","apps/mobile/src/navigation/InventoryNavigator.js"
"apps/mobile/src/screens/inventory/InventoryScreen.js","mobile-inventory-app","frontend","1. Offline First: Turant Local SQLite se data dikhayein","2","false","apps/mobile/src/navigation/InventoryNavigator.js | apps/mobile/src/navigation/MainTabNavigator.js"
"apps/mobile/src/screens/inventory/ProductDetailScreen.js","mobile-inventory-app","frontend","Mobile screen","1","false","apps/mobile/src/navigation/InventoryNavigator.js"
"apps/mobile/src/screens/inventory/ProductImageUpload.js","mobile-inventory-app","frontend","The OCR service expects a file object, not just a URI.","1","false","apps/mobile/src/navigation/InventoryNavigator.js"
"apps/mobile/src/screens/inventory/ProductListScreen.js","mobile-inventory-app","frontend","1. Offline First: Local SQLite Database se products fetch karein","1","false","apps/mobile/src/navigation/InventoryNavigator.js"
"apps/mobile/src/screens/inventory/PurchaseEntryScreen.js","mobile-inventory-app","frontend","1. Offline First: Fetch Suppliers","1","false","apps/mobile/src/navigation/InventoryNavigator.js"
"apps/mobile/src/screens/inventory/QRCodeGenerator.js","mobile-inventory-app","frontend","React component","1","false","apps/mobile/src/navigation/InventoryNavigator.js"
"apps/mobile/src/screens/inventory/SerialBatchScreen.js","mobile-inventory-app","frontend","Mobile screen","1","false","apps/mobile/src/navigation/InventoryNavigator.js"
"apps/mobile/src/screens/inventory/StockAdjustmentScreen.js","mobile-inventory-app","frontend","Background Sync: Cloud par bhejne ke liye queue me daalein","1","false","apps/mobile/src/navigation/InventoryNavigator.js"
"apps/mobile/src/screens/inventory/StockThresholdScreen.js","mobile-inventory-app","frontend","Mobile screen","1","false","apps/mobile/src/navigation/InventoryNavigator.js"
"apps/mobile/src/screens/inventory/StockTransferScreen.js","mobile-inventory-app","frontend","Background Sync: Cloud par bhejne ke liye queue me daalein","1","false","apps/mobile/src/navigation/InventoryNavigator.js"
"apps/mobile/src/screens/inventory/SupplierLedgerScreen.js","mobile-inventory-app","frontend","Mobile screen","1","false","apps/mobile/src/navigation/InventoryNavigator.js"
"apps/mobile/src/screens/laterpad/AddLaterpadScreen.js","mobile-inventory-app","frontend","c:\Users\Lenovo1\Desktop\red-accounting-book\frontend\mobile\src\screens\laterpad\AddLaterpadScreen.js","1","false","apps/mobile/src/navigation/SettingsNavigator.js"
"apps/mobile/src/screens/laterpad/LaterpadListScreen.js","mobile-inventory-app","frontend","c:\Users\Lenovo1\Desktop\red-accounting-book\frontend\mobile\src\screens\laterpad\LaterpadListScreen.js","1","false","apps/mobile/src/navigation/SettingsNavigator.js"
"apps/mobile/src/screens/membership/LoyaltyDetailScreen.js","mobile-inventory-app","frontend","Mobile screen","1","false","apps/mobile/src/navigation/SettingsNavigator.js"
"apps/mobile/src/screens/membership/MembershipListScreen.js","mobile-inventory-app","frontend","Mobile screen","1","false","apps/mobile/src/navigation/SettingsNavigator.js"
"apps/mobile/src/screens/notification/ReminderScreen.js","mobile-inventory-app","frontend","Mobile screen","1","false","apps/mobile/src/navigation/SettingsNavigator.js"
"apps/mobile/src/screens/parties/AddPartyScreen.js","mobile-inventory-app","frontend","Backend validation requires Name, MobileNumber, and Address","2","false","apps/mobile/src/navigation/AppNavigator.js | apps/mobile/src/navigation/PartyNavigator.js"
"apps/mobile/src/screens/parties/PartiesScreen.js","mobile-inventory-app","frontend","1. Offline First: Turant Local SQLite se dikhayein","2","false","apps/mobile/src/navigation/MainTabNavigator.js | apps/mobile/src/navigation/PartyNavigator.js"
"apps/mobile/src/screens/parties/PartyStatementScreen.js","mobile-inventory-app","frontend","NOTE: Iske liye backend mein ek naya API endpoint '/api/party/:id/statement' banana hoga.","1","false","apps/mobile/src/navigation/PartyNavigator.js"
"apps/mobile/src/screens/parties/PaymentEntryScreen.js","mobile-inventory-app","frontend","Offline First: Try to fetch from SQLite first","1","false","apps/mobile/src/navigation/PartyNavigator.js"
"apps/mobile/src/screens/parties/ReviewParsedStatementScreen.js","mobile-inventory-app","frontend","Data received from OCR parser","1","false","apps/mobile/src/navigation/PartyNavigator.js"
"apps/mobile/src/screens/report/AgingReportScreen.js","mobile-inventory-app","frontend","Mobile screen","1","false","apps/mobile/src/navigation/ReportNavigator.js"
"apps/mobile/src/screens/report/BalanceSheetReport.js","mobile-inventory-app","frontend","React component","1","false","apps/mobile/src/navigation/ReportNavigator.js"
"apps/mobile/src/screens/report/BankReconciliationScreen.js","mobile-inventory-app","frontend","Read file content","1","false","apps/mobile/src/navigation/ReportNavigator.js"
"apps/mobile/src/screens/report/BillWiseReport.js","mobile-inventory-app","frontend","API update: Use the common POST /report/generate endpoint","1","false","apps/mobile/src/navigation/ReportNavigator.js"
"apps/mobile/src/screens/report/CashFlowReportScreen.js","mobile-inventory-app","frontend","Mobile screen","1","false","apps/mobile/src/navigation/ReportNavigator.js"
"apps/mobile/src/screens/report/DailySellPurchaseReport.js","mobile-inventory-app","frontend","React component","1","false","apps/mobile/src/navigation/ReportNavigator.js"
"apps/mobile/src/screens/report/DayBookScreen.js","mobile-inventory-app","frontend","IN (Paisa Aaya)","1","false","apps/mobile/src/navigation/ReportNavigator.js"
"apps/mobile/src/screens/report/EwayBillScreen.js","mobile-inventory-app","frontend","Mobile screen","1","false","apps/mobile/src/navigation/ReportNavigator.js"
"apps/mobile/src/screens/report/ExpenseReportScreen.js","mobile-inventory-app","frontend","borderWidth: 1, // Add border to picker","1","false","apps/mobile/src/navigation/ReportNavigator.js"
"apps/mobile/src/screens/report/FixedAssetsScreen.js","mobile-inventory-app","frontend","Mobile screen","1","false","apps/mobile/src/navigation/ReportNavigator.js"
"apps/mobile/src/screens/report/Gstr3bReportScreen.js","mobile-inventory-app","frontend","Mobile screen","1","false","apps/mobile/src/navigation/ReportNavigator.js"
"apps/mobile/src/screens/report/GstReportScreen.js","mobile-inventory-app","frontend","Summary styles","1","false","apps/mobile/src/navigation/ReportNavigator.js"
"apps/mobile/src/screens/report/InventoryReportScreen.js","mobile-inventory-app","frontend","FIX: Backend returns { success: true, products: [...] } instead of a direct array","1","false","apps/mobile/src/navigation/ReportNavigator.js"
"apps/mobile/src/screens/report/ItemWiseReport.js","mobile-inventory-app","frontend","React component","1","false","apps/mobile/src/navigation/ReportNavigator.js"
"apps/mobile/src/screens/report/PartyWiseReport.js","mobile-inventory-app","frontend","React component","1","false","apps/mobile/src/navigation/ReportNavigator.js"
"apps/mobile/src/screens/report/ProfitLossReport.js","mobile-inventory-app","frontend","React component","1","false","apps/mobile/src/navigation/ReportNavigator.js"
"apps/mobile/src/screens/report/PurchaseReturnReport.js","mobile-inventory-app","frontend","React component","1","false","apps/mobile/src/navigation/ReportNavigator.js"
"apps/mobile/src/screens/report/ReportScreen.js","mobile-inventory-app","frontend","Navigation will work only if the screen is enabled in Navigator","1","false","apps/mobile/src/navigation/ReportNavigator.js"
"apps/mobile/src/screens/report/ReportsMenuScreen.js","mobile-inventory-app","frontend","Available routes are kept to only the screens that are wired in the mobile app navigator.","1","false","apps/mobile/src/navigation/MainTabNavigator.js"
"apps/mobile/src/screens/report/SalesReportScreen.js","mobile-inventory-app","frontend","borderWidth: 1, // Add border to picker","1","false","apps/mobile/src/navigation/ReportNavigator.js"
"apps/mobile/src/screens/report/SalesReturnReport.js","mobile-inventory-app","frontend","React component","1","false","apps/mobile/src/navigation/ReportNavigator.js"
"apps/mobile/src/screens/report/SchemeReport.js","mobile-inventory-app","frontend","React component","1","false","apps/mobile/src/navigation/ReportNavigator.js"
"apps/mobile/src/screens/report/SitewiseReportScreen.js","mobile-inventory-app","frontend","Dummy list of sites for filter dropdown","1","false","apps/mobile/src/navigation/ReportNavigator.js"
"apps/mobile/src/screens/report/StockalertReport.js","mobile-inventory-app","frontend","React component","1","false","apps/mobile/src/navigation/ReportNavigator.js"
"apps/mobile/src/screens/report/TdsTcsScreen.js","mobile-inventory-app","frontend","Mobile screen","1","false","apps/mobile/src/navigation/ReportNavigator.js"
"apps/mobile/src/screens/returns/CreateReturnPage.js","mobile-inventory-app","frontend","Ensuring exact case import for API Service","1","false","apps/mobile/src/navigation/AppNavigator.js"
"apps/mobile/src/screens/salary/AddSalaryScreen.js","mobile-inventory-app","frontend","Mobile screen","1","false","apps/mobile/src/navigation/SettingsNavigator.js"
"apps/mobile/src/screens/salary/AddStaffScreen.js","mobile-inventory-app","frontend","1. Offline First: Save to SQLite","1","false","apps/mobile/src/navigation/SettingsNavigator.js"
"apps/mobile/src/screens/salary/MarkAttendanceScreen.js","mobile-inventory-app","frontend","🚀 STAFF vs ADMIN Setup:","1","false","apps/mobile/src/navigation/SettingsNavigator.js"
"apps/mobile/src/screens/salary/SalaryListScreen.js","mobile-inventory-app","frontend","1. Offline First: Fetch staff from SQLite","1","false","apps/mobile/src/navigation/SettingsNavigator.js"
"apps/mobile/src/screens/salary/StaffStatementScreen.js","mobile-inventory-app","frontend","1. Offline First","1","false","apps/mobile/src/navigation/SettingsNavigator.js"
"apps/mobile/src/screens/settings/AppSettingsScreen.js","mobile-inventory-app","frontend","Safely import Razorpay so it doesn't crash the Web version or Expo Go","1","false","apps/mobile/src/navigation/SettingsNavigator.js"
"apps/mobile/src/screens/settings/BackupRestoreScreen.js","mobile-inventory-app","frontend","Setup Google Auth (Client IDs to be added later from Google Console)","1","false","apps/mobile/src/navigation/SettingsNavigator.js"
"apps/mobile/src/screens/settings/CloudsyncSetting.js","mobile-inventory-app","frontend","1. Offline First: Load setting from SQLite","1","false","apps/mobile/src/navigation/SettingsNavigator.js"
"apps/mobile/src/screens/settings/MoreSettingsScreen.js","mobile-inventory-app","frontend","Mobile screen","2","false","apps/mobile/src/navigation/MainTabNavigator.js | apps/mobile/src/navigation/SettingsNavigator.js"
"apps/mobile/src/screens/settings/NotificationSettings.js","mobile-inventory-app","frontend","1. Offline First: Save to SQLite","1","false","apps/mobile/src/navigation/SettingsNavigator.js"
"apps/mobile/src/screens/settings/ProfileScreen.js","mobile-inventory-app","frontend","API se lane ke bajaye direct context se user profile data le rahe hain","1","false","apps/mobile/src/navigation/SettingsNavigator.js"
"apps/mobile/src/screens/settings/SecurityLogsScreen.js","mobile-inventory-app","frontend","1. Offline First","1","false","apps/mobile/src/navigation/SettingsNavigator.js"
"apps/mobile/src/screens/settings/SettingsScreen.js","mobile-inventory-app","frontend","1. Offline First: Fetch from SQLite","1","false","apps/mobile/src/navigation/SettingsNavigator.js"
"apps/mobile/src/screens/settings/StaffManagementScreen.js","mobile-inventory-app","frontend","1. Offline First","1","false","apps/mobile/src/navigation/SettingsNavigator.js"
"apps/mobile/src/screens/warehouse/AddWarehouseScreen.js","mobile-inventory-app","frontend","1. Offline First: Fetch from SQLite","1","false","apps/mobile/src/navigation/SettingsNavigator.js"
"apps/mobile/src/screens/warehouse/WarehouseListScreen.js","mobile-inventory-app","frontend","c:\Users\Lenovo1\Desktop\red-accounting-book\frontend\mobile\src\screens\warehouse\WarehouseListScreen.js","1","false","apps/mobile/src/navigation/SettingsNavigator.js"
"apps/mobile/src/services/ApiService.js","mobile-inventory-app","frontend","This line is no longer needed because config.js already calls setBaseUrl().","69","false","apps/mobile/src/components/ImportHistoryManager.js | apps/mobile/src/components/WhatsappSender.js | apps/mobile/src/context/AuthContext.js | apps/mobile/src/context/CompanyContext.js | apps/mobile/src/screens/auth/ForgotPasswordscreen.js | apps/mobile/src/screens/auth/KeyrecoveryScreen.js | apps/mobile/src/screens/auth/RegisterScreen.js | apps/mobile/src/screens/billing/B2bDocumentListScreen.js | apps/mobile/src/screens/billing/BillDetailscreen.js | apps/mobile/src/screens/billing/BillListScreen.js | apps/mobile/src/screens/billing/ConsolidatedStatementDetail.js | apps/mobile/src/screens/billing/ConsolidateUdharScreen.js | apps/mobile/src/screens/billing/CreateB2bDocumentScreen.js | apps/mobile/src/screens/billing/CreateBillScreen.js | apps/mobile/src/screens/billing/ImportBillScreen.js | apps/mobile/src/screens/billing/MultiSiteBillingScreen.js | apps/mobile/src/screens/billing/NongstBillingScreen.js | apps/mobile/src/screens/billing/ReviewParsedBillScreen.js | apps/mobile/src/screens/billing/SchemeApplyModel.js | apps/mobile/src/screens/billing/ThirdPartyDispatchBilling.js | apps/mobile/src/screens/company/BranchScreen.js | apps/mobile/src/screens/dashboard/ApprovalsScreen.js | apps/mobile/src/screens/dashboard/MainDashboard.js | apps/mobile/src/screens/inventory/AddProductScreen.js | apps/mobile/src/screens/inventory/BulkUploadScreen.js | apps/mobile/src/screens/inventory/CategoryAnalyticsScreen.js | apps/mobile/src/screens/inventory/InventoryScreen.js | apps/mobile/src/screens/inventory/ProductDetailScreen.js | apps/mobile/src/screens/inventory/ProductListScreen.js | apps/mobile/src/screens/inventory/PurchaseEntryScreen.js | apps/mobile/src/screens/inventory/StockAdjustmentScreen.js | apps/mobile/src/screens/inventory/StockTransferScreen.js | apps/mobile/src/screens/inventory/SupplierLedgerScreen.js | apps/mobile/src/screens/parties/AddPartyScreen.js | apps/mobile/src/screens/parties/PartiesScreen.js | apps/mobile/src/screens/parties/PartyStatementScreen.js | apps/mobile/src/screens/parties/PaymentEntryScreen.js | apps/mobile/src/screens/parties/ReviewParsedStatementScreen.js | apps/mobile/src/screens/report/AgingReportScreen.js | apps/mobile/src/screens/report/BalanceSheetReport.js | apps/mobile/src/screens/report/BillWiseReport.js | apps/mobile/src/screens/report/CashFlowReportScreen.js | apps/mobile/src/screens/report/DayBookScreen.js | apps/mobile/src/screens/report/EwayBillScreen.js | apps/mobile/src/screens/report/ExpenseReportScreen.js | apps/mobile/src/screens/report/FixedAssetsScreen.js | apps/mobile/src/screens/report/Gstr3bReportScreen.js | apps/mobile/src/screens/report/GstReportScreen.js | apps/mobile/src/screens/report/InventoryReportScreen.js | apps/mobile/src/screens/report/ProfitLossReport.js | apps/mobile/src/screens/report/SalesReportScreen.js | apps/mobile/src/screens/report/SitewiseReportScreen.js | apps/mobile/src/screens/report/TdsTcsScreen.js | apps/mobile/src/screens/returns/CreateReturnPage.js | apps/mobile/src/screens/salary/AddSalaryScreen.js | apps/mobile/src/screens/salary/AddStaffScreen.js | apps/mobile/src/screens/salary/MarkAttendanceScreen.js | apps/mobile/src/screens/salary/SalaryListScreen.js | apps/mobile/src/screens/salary/StaffStatementScreen.js | apps/mobile/src/screens/settings/AppSettingsScreen.js | apps/mobile/src/screens/settings/BackupRestoreScreen.js | apps/mobile/src/screens/settings/CloudsyncSetting.js | apps/mobile/src/screens/settings/NotificationSettings.js | apps/mobile/src/screens/settings/SecurityLogsScreen.js | apps/mobile/src/screens/settings/SettingsScreen.js | apps/mobile/src/screens/settings/StaffManagementScreen.js | apps/mobile/src/screens/warehouse/AddWarehouseScreen.js | apps/mobile/src/screens/warehouse/WarehouseListScreen.js | apps/mobile/src/services/cloudsyncservices.js"
"apps/mobile/src/services/cloudsyncservices.js","mobile-inventory-app","frontend","Service module","1","false","apps/mobile/src/services/index.js"
"apps/mobile/src/services/config.js","mobile-inventory-app","frontend","Mobile App Configuration","2","false","apps/mobile/src/services/ApiService.js | apps/mobile/src/services/index.js"
"apps/mobile/src/services/encryptionservice.js","mobile-inventory-app","frontend","Service module","1","false","apps/mobile/src/services/index.js"
"apps/mobile/src/services/FeatureControlServices.js","mobile-inventory-app","frontend","This file is currently not used but kept for future feature control implementation.","0","false",""
"apps/mobile/src/services/GstValidator.js","mobile-inventory-app","frontend","Unclassified","1","false","apps/mobile/src/services/index.js"
"apps/mobile/src/services/ImageOCR.js","mobile-inventory-app","frontend","Ask for permission and launch camera","2","false","apps/mobile/src/screens/inventory/ProductImageUpload.js | apps/mobile/src/services/index.js"
"apps/mobile/src/services/index.js","mobile-inventory-app","frontend","Unclassified","0","true",""
"apps/mobile/src/services/QrService.js","mobile-inventory-app","frontend","Service module","1","false","apps/mobile/src/services/index.js"
"apps/mobile/src/utils/barcodeGenerator.js","mobile-inventory-app","frontend","Unclassified","1","false","apps/mobile/src/utils/index.js"
"apps/mobile/src/utils/Featureutils.js","mobile-inventory-app","frontend","Utility functions","1","false","apps/mobile/src/utils/index.js"
"apps/mobile/src/utils/index.js","mobile-inventory-app","frontend","Unclassified","0","true",""
"apps/mobile/src/utils/pdfParser.js","mobile-inventory-app","frontend","Unclassified","1","false","apps/mobile/src/utils/index.js"
"apps/web/postcss.config.js","business-accounting-app","frontend","Config file","0","false",""
"apps/web/src/app.jsx","business-accounting-app","frontend","Auth Screens","1","true","apps/web/src/index.jsx"
"apps/web/src/components/BarcodeScanner.jsx","business-accounting-app","frontend","React component","4","false","apps/web/src/screens/Billing/BillingPage.jsx | apps/web/src/screens/Billing/SchemeApplyModel.jsx | apps/web/src/screens/inventory/InventoryPage.jsx | apps/web/src/screens/salary/MarkAttendancePage.jsx"
"apps/web/src/components/Button.jsx","business-accounting-app","frontend","React component","4","false","apps/web/src/screens/inventory/ParseBillFromImage.jsx | apps/web/src/screens/inventory/PurchaseEntryPage.jsx | apps/web/src/screens/inventory/SalesReturnPage.jsx | apps/web/src/screens/laterpad/LaterpadlistPage.jsx"
"apps/web/src/components/CloudSyncToggel.jsx","business-accounting-app","frontend","Har 5 second me queue check karta rahega","1","false","apps/web/src/components/DashboardLayout.jsx"
"apps/web/src/components/DashboardLayout.jsx","business-accounting-app","frontend","Get user from localStorage","1","false","apps/web/src/app.jsx"
"apps/web/src/components/Datatable.jsx","business-accounting-app","frontend","Use a unique key from the data if available, otherwise fall back to index","1","false","apps/web/src/screens/inventory/InventoryPage.jsx"
"apps/web/src/components/Footer.jsx","business-accounting-app","frontend","Unclassified","1","false","apps/web/src/components/DashboardLayout.jsx"
"apps/web/src/components/GoogleDriveBackup.jsx","business-accounting-app","frontend","React component","1","false","apps/web/src/screens/Settings/BackupRestore.jsx"
"apps/web/src/components/ImportHistoryManager.jsx","business-accounting-app","frontend","React component","2","false","apps/web/src/screens/Settings/AppSettingPage.jsx | apps/web/src/screens/Settings/SettingsPage.jsx"
"apps/web/src/components/Loader.jsx","business-accounting-app","frontend","React component","21","false","apps/web/src/app.jsx | apps/web/src/screens/Billing/BillDetailPage.jsx | apps/web/src/screens/inventory/InventoryPage.jsx | apps/web/src/screens/inventory/ProductDetailPage.jsx | apps/web/src/screens/membership/LoyaltyDetailPage.jsx | apps/web/src/screens/notification/ReminderPage.jsx | apps/web/src/screens/Reports/BillWiseReportPage.jsx | apps/web/src/screens/Reports/CustomerReportBuilder.jsx | apps/web/src/screens/Reports/Gstr3bReportPage.jsx | apps/web/src/screens/Reports/GstReportPage.jsx | apps/web/src/screens/Reports/ItemWiseReport.jsx | apps/web/src/screens/Reports/ItemWiseReportpage.jsx | apps/web/src/screens/Reports/PartyWiseReportPage.jsx | apps/web/src/screens/Reports/ProductGstReportPage.jsx | apps/web/src/screens/Reports/ProfitLossReport.jsx | apps/web/src/screens/Reports/SchemeReportPage.jsx | apps/web/src/screens/Reports/SitewiseReportPage.jsx | apps/web/src/screens/salary/AddSalaryPage.jsx | apps/web/src/screens/salary/SalaryListPage.jsx | apps/web/src/screens/Settings/StaffPerformancePage.jsx | apps/web/src/screens/Settings/UnitSettingsPage.jsx"
"apps/web/src/components/ReportCard.jsx","business-accounting-app","frontend","Unclassified","1","false","apps/web/src/screens/inventory/InventoryPage.jsx"
"apps/web/src/components/SecurityTracker.jsx","business-accounting-app","frontend","Check for token synchronously to avoid race conditions on app start.","1","false","apps/web/src/app.jsx"
"apps/web/src/components/UdharReminder.jsx","business-accounting-app","frontend","React component","1","false","apps/web/src/screens/Billing/BillingPage.jsx"
"apps/web/src/components/WhatsappSender.jsx","business-accounting-app","frontend","Generate a Live Tracking Link for the bill","1","false","apps/web/src/screens/Billing/BillingPage.jsx"
"apps/web/src/contexts/CompanyContext.jsx","business-accounting-app","frontend","FIX: Only fetch companies if a token exists. This prevents 401 errors on public pages like login/register.","10","false","apps/web/src/app.jsx | apps/web/src/components/DashboardLayout.jsx | apps/web/src/screens/Billing/BillDetailPage.jsx | apps/web/src/screens/Billing/BillingPage.jsx | apps/web/src/screens/company/AddCompanyPage.jsx | apps/web/src/screens/company/CompanyListPage.jsx | apps/web/src/screens/company/CompanyPage.jsx | apps/web/src/screens/inventory/AddProductPage.jsx | apps/web/src/screens/inventory/InventoryPage.jsx | apps/web/src/screens/Settings/AppSettingPage.jsx"
"apps/web/src/contexts/ThemeContext.jsx","business-accounting-app","frontend","React context/provider","1","false","apps/web/src/index.jsx"
"apps/web/src/index.jsx","business-accounting-app","frontend","Unclassified","0","true",""
"apps/web/src/pages/setting/appsetting.jsx","business-accounting-app","frontend","Unclassified","1","false","apps/web/src/app.jsx"
"apps/web/src/pages/setting/cloudSync.jsx","business-accounting-app","frontend","Unclassified","1","false","apps/web/src/app.jsx"
"apps/web/src/pages/setting/profile.jsx","business-accounting-app","frontend","Unclassified","1","false","apps/web/src/app.jsx"
"apps/web/src/pages/setting/securityLog.jsx","business-accounting-app","frontend","Unclassified","1","false","apps/web/src/app.jsx"
"apps/web/src/pages/setting/settings.jsx","business-accounting-app","frontend","Unclassified","1","false","apps/web/src/app.jsx"
"apps/web/src/pages/setting/VerifyOtp.jsx","business-accounting-app","frontend","Register पेज से जो userId पास होगी, या Email के link से जो मिलेगी","1","false","apps/web/src/app.jsx"
"apps/web/src/screens/Auth/ForgotPasswordScreen.jsx","business-accounting-app","frontend","Mobile screen","1","false","apps/web/src/app.jsx"
"apps/web/src/screens/Auth/KeyreCoveryPage.jsx","business-accounting-app","frontend","Page component","1","false","apps/web/src/app.jsx"
"apps/web/src/screens/Auth/LoginScreen.jsx","business-accounting-app","frontend","Safely extract token and user from deeply nested backend responses","1","false","apps/web/src/app.jsx"
"apps/web/src/screens/Auth/RegisterScreen.jsx","business-accounting-app","frontend","Hum wapas register API call kar rahe hain kyunki backend already handle karta hai ""Resend OTP if user exists but unverified""","1","false","apps/web/src/app.jsx"
"apps/web/src/screens/Billing/B2bDocumentListPage.jsx","business-accounting-app","frontend","Page component","1","false","apps/web/src/app.jsx"
"apps/web/src/screens/Billing/BillDetailPage.jsx","business-accounting-app","frontend","Page component","1","false","apps/web/src/app.jsx"
"apps/web/src/screens/Billing/BillingPage.jsx","business-accounting-app","frontend","NEW: Missing States for Advanced Features","1","false","apps/web/src/app.jsx"
"apps/web/src/screens/Billing/BillListPage.jsx","business-accounting-app","frontend","Page component","1","false","apps/web/src/app.jsx"
"apps/web/src/screens/Billing/CreateB2bDocumentPage.jsx","business-accounting-app","frontend","Page component","1","false","apps/web/src/app.jsx"
"apps/web/src/screens/Billing/FastPOSPage.jsx","business-accounting-app","frontend","Global Keyboard Shortcuts","1","false","apps/web/src/app.jsx"
"apps/web/src/screens/Billing/ImportBillPage.jsx","business-accounting-app","frontend","Page component","1","false","apps/web/src/app.jsx"
"apps/web/src/screens/Billing/ParseBillFromImage.jsx","business-accounting-app","frontend","React component","1","false","apps/web/src/app.jsx"
"apps/web/src/screens/Billing/SalesReturnPage.jsx","business-accounting-app","frontend","Search for the bill","1","false","apps/web/src/app.jsx"
"apps/web/src/screens/Billing/SchemeApplyModel.jsx","business-accounting-app","frontend","Auto-focus input when switching to Custom tab for physical scanner readiness","1","false","apps/web/src/screens/Billing/BillingPage.jsx"
"apps/web/src/screens/company/AddCompanyPage.jsx","business-accounting-app","frontend","Update LocalStorage and hard reload to completely prevent ghost inventory data","1","false","apps/web/src/app.jsx"
"apps/web/src/screens/company/BranchPage.jsx","business-accounting-app","frontend","Page component","1","false","apps/web/src/app.jsx"
"apps/web/src/screens/company/CompanyListPage.jsx","business-accounting-app","frontend","Redirect to dashboard and reload to refresh context","1","false","apps/web/src/app.jsx"
"apps/web/src/screens/company/CompanyPage.jsx","business-accounting-app","frontend","Flush stale cache and hard reload to prevent ghost data","1","false","apps/web/src/app.jsx"
"apps/web/src/screens/coupons/CouponListPage.jsx","business-accounting-app","frontend","Page component","1","false","apps/web/src/app.jsx"
"apps/web/src/screens/coupons/CouponsPage.jsx","business-accounting-app","frontend","क्रैश होने से बचाएं","1","false","apps/web/src/app.jsx"
"apps/web/src/screens/coupons/GenerateCouponPage.jsx","business-accounting-app","frontend","Page component","1","false","apps/web/src/app.jsx"
"apps/web/src/screens/Dashboard/ApprovalsPage.jsx","business-accounting-app","frontend","Strictly enforce arrays to prevent .map crashes","1","false","apps/web/src/app.jsx"
"apps/web/src/screens/Dashboard/DashboardScreen.jsx","business-accounting-app","frontend","Parallel API calls for faster loading","1","false","apps/web/src/app.jsx"
"apps/web/src/screens/expenses/AddExpensesPage.jsx","business-accounting-app","frontend","Page component","1","false","apps/web/src/app.jsx"
"apps/web/src/screens/expenses/ExpensesListPage.jsx","business-accounting-app","frontend","Page component","1","false","apps/web/src/app.jsx"
"apps/web/src/screens/expenses/ExpensesPage.jsx","business-accounting-app","frontend","Page component","1","false","apps/web/src/app.jsx"
"apps/web/src/screens/inventory/AddProductPage.jsx","business-accounting-app","frontend","New Business Specific Fields","1","false","apps/web/src/app.jsx"
"apps/web/src/screens/inventory/BulkProductPage.jsx","business-accounting-app","frontend","Use header: ""A"" to force Excel column letters (A, B, C) as keys","1","false","apps/web/src/app.jsx"
"apps/web/src/screens/inventory/BulkUploadPage.jsx","business-accounting-app","frontend","Use header: ""A"" to force Excel column letters (A, B, C) as keys","1","false","apps/web/src/app.jsx"
"apps/web/src/screens/inventory/CategoryAnalyticsPage.jsx","business-accounting-app","frontend","Group by category","1","false","apps/web/src/app.jsx"
"apps/web/src/screens/inventory/CategoryManagementPage.jsx","business-accounting-app","frontend","Modal States","1","false","apps/web/src/app.jsx"
"apps/web/src/screens/inventory/InventoryPage.jsx","business-accounting-app","frontend","Business Specific Fields","1","false","apps/web/src/app.jsx"
"apps/web/src/screens/inventory/ItemMasterPage.jsx","business-accounting-app","frontend","API response key fix: ""category"" -> ""categories""","1","false","apps/web/src/app.jsx"
"apps/web/src/screens/inventory/ParseBillFromImage.jsx","business-accounting-app","frontend","Smart Word Matching Algorithm","1","false","apps/web/src/app.jsx"
"apps/web/src/screens/inventory/ProductDetailPage.jsx","business-accounting-app","frontend","Page component","1","false","apps/web/src/app.jsx"
"apps/web/src/screens/inventory/ProductListPage.jsx","business-accounting-app","frontend","Page component","1","false","apps/web/src/app.jsx"
"apps/web/src/screens/inventory/PurchaseEntryPage.jsx","business-accounting-app","frontend","Page component","1","false","apps/web/src/app.jsx"
"apps/web/src/screens/inventory/SalesReturnPage.jsx","business-accounting-app","frontend","API endpoint for purchase return (Debit Note)","1","false","apps/web/src/app.jsx"
"apps/web/src/screens/inventory/SerialBatchPage.jsx","business-accounting-app","frontend","Page component","1","false","apps/web/src/app.jsx"
"apps/web/src/screens/inventory/StockAdjustmentPage.jsx","business-accounting-app","frontend","Page component","1","false","apps/web/src/app.jsx"
"apps/web/src/screens/inventory/StockTransferPage.jsx","business-accounting-app","frontend","Reset form after success","1","false","apps/web/src/app.jsx"
"apps/web/src/screens/inventory/SupplierLedgerPage.jsx","business-accounting-app","frontend","Fetch unique suppliers from inventory","1","false","apps/web/src/app.jsx"
"apps/web/src/screens/laterpad/LaterpadlistPage.jsx","business-accounting-app","frontend","Page component","1","false","apps/web/src/app.jsx"
"apps/web/src/screens/laterpad/LaterpadPage.jsx","business-accounting-app","frontend","Function to save note","1","false","apps/web/src/app.jsx"
"apps/web/src/screens/membership/LoyaltyDetailPage.jsx","business-accounting-app","frontend","Page component","1","false","apps/web/src/app.jsx"
"apps/web/src/screens/membership/MemberShipListPage.jsx","business-accounting-app","frontend","Fetch members from API","1","false","apps/web/src/app.jsx"
"apps/web/src/screens/membership/MembershipPage.jsx","business-accounting-app","frontend","क्रैश होने से बचाएं","1","false","apps/web/src/app.jsx"
"apps/web/src/screens/notification/NotificationPage.jsx","business-accounting-app","frontend","क्रैश होने से बचाएं","1","false","apps/web/src/app.jsx"
"apps/web/src/screens/notification/ReminderPage.jsx","business-accounting-app","frontend","Page component","1","false","apps/web/src/app.jsx"
"apps/web/src/screens/parties/PartiesPage.jsx","business-accounting-app","frontend","Local-First: डेस्कटॉप ऐप के लिए लोकल SQLite से डेटा लें","1","false","apps/web/src/app.jsx"
"apps/web/src/screens/Reports/AgingReportPage.jsx","business-accounting-app","frontend","WEB ONLY: Direct API Call from Server","1","false","apps/web/src/app.jsx"
"apps/web/src/screens/Reports/BankReconciliationPage.jsx","business-accounting-app","frontend","Handle File Selection","1","false","apps/web/src/app.jsx"
"apps/web/src/screens/Reports/BillWiseReportPage.jsx","business-accounting-app","frontend","क्रैश होने से बचाएं","1","false","apps/web/src/app.jsx"
"apps/web/src/screens/Reports/CustomerReportBuilder.jsx","business-accounting-app","frontend","React component","1","false","apps/web/src/app.jsx"
"apps/web/src/screens/Reports/DayBookPage.jsx","business-accounting-app","frontend","Api response can be inside res.data or direct res depending on axios interceptors","1","false","apps/web/src/app.jsx"
"apps/web/src/screens/Reports/EWayBillPage.jsx","business-accounting-app","frontend","Page component","1","false","apps/web/src/app.jsx"
"apps/web/src/screens/Reports/FixedAssetsPage.jsx","business-accounting-app","frontend","Page component","1","false","apps/web/src/app.jsx"
"apps/web/src/screens/Reports/GraphicalAnalytics.jsx","business-accounting-app","frontend","Fetch from Cloud API for Web","1","false","apps/web/src/app.jsx"
"apps/web/src/screens/Reports/Gstr3bReportPage.jsx","business-accounting-app","frontend","Page component","1","false","apps/web/src/app.jsx"
"apps/web/src/screens/Reports/GstReportPage.jsx","business-accounting-app","frontend","Month selection for proper reporting","1","false","apps/web/src/app.jsx"
"apps/web/src/screens/Reports/ItemWiseReport.jsx","business-accounting-app","frontend","React component","1","false","apps/web/src/app.jsx"
"apps/web/src/screens/Reports/ItemWiseReportpage.jsx","business-accounting-app","frontend","Page component","1","false","apps/web/src/app.jsx"
"apps/web/src/screens/Reports/PartyWiseReportPage.jsx","business-accounting-app","frontend","Page component","1","false","apps/web/src/app.jsx"
"apps/web/src/screens/Reports/ProductGstReportPage.jsx","business-accounting-app","frontend","Page component","1","false","apps/web/src/app.jsx"
"apps/web/src/screens/Reports/ProfitLossReport.jsx","business-accounting-app","frontend","The API returns an object with a 'data' property containing the report","1","false","apps/web/src/app.jsx"
"apps/web/src/screens/Reports/ReportsPage.jsx","business-accounting-app","frontend","Real data states","1","false","apps/web/src/app.jsx"
"apps/web/src/screens/Reports/SchemeReportPage.jsx","business-accounting-app","frontend","Page component","1","false","apps/web/src/app.jsx"
"apps/web/src/screens/Reports/SitewiseReportPage.jsx","business-accounting-app","frontend","Dummy list of sites for filter dropdown","1","false","apps/web/src/app.jsx"
"apps/web/src/screens/Reports/SupplierLedgerPage.jsx","business-accounting-app","frontend","Fetch unique suppliers from inventory","1","false","apps/web/src/app.jsx"
"apps/web/src/screens/Reports/TdsTcsPage.jsx","business-accounting-app","frontend","Page component","1","false","apps/web/src/app.jsx"
"apps/web/src/screens/returns/CreateReturnScreen.jsx","business-accounting-app","frontend","Mobile screen","1","false","apps/web/src/app.jsx"
"apps/web/src/screens/salary/AddSalaryPage.jsx","business-accounting-app","frontend","Page component","1","false","apps/web/src/app.jsx"
"apps/web/src/screens/salary/MarkAttendancePage.jsx","business-accounting-app","frontend","Attendance Form","1","false","apps/web/src/app.jsx"
"apps/web/src/screens/salary/SalaryListPage.jsx","business-accounting-app","frontend","Page component","1","false","apps/web/src/app.jsx"
"apps/web/src/screens/salary/SalaryPage.jsx","business-accounting-app","frontend","Page component","1","false","apps/web/src/app.jsx"
"apps/web/src/screens/salary/StaffStatementPage.jsx","business-accounting-app","frontend","Page component","1","false","apps/web/src/app.jsx"
"apps/web/src/screens/Settings/AppSettingPage.jsx","business-accounting-app","frontend","Note: plan, freeBillCount, etc. are updated via payment flow, not directly here.","1","false","apps/web/src/app.jsx"
"apps/web/src/screens/Settings/BackupRestore.jsx","business-accounting-app","frontend","Logic to handle data backup","1","false","apps/web/src/app.jsx"
"apps/web/src/screens/Settings/ProfilePage.jsx","business-accounting-app","frontend","Logic to save user profile","1","false","apps/web/src/app.jsx"
"apps/web/src/screens/Settings/SecurityLogPage.jsx","business-accounting-app","frontend","Page component","1","false","apps/web/src/app.jsx"
"apps/web/src/screens/Settings/SettingsPage.jsx","business-accounting-app","frontend","Form states","1","false","apps/web/src/app.jsx"
"apps/web/src/screens/Settings/StaffManagementPage.jsx","business-accounting-app","frontend","Staff Form","1","false","apps/web/src/app.jsx"
"apps/web/src/screens/Settings/StaffPerformancePage.jsx","business-accounting-app","frontend","Calculate KPIs","1","false","apps/web/src/app.jsx"
"apps/web/src/screens/Settings/UnitSettingsPage.jsx","business-accounting-app","frontend","Filter simple units to be used as Base Unit for compound units","1","false","apps/web/src/app.jsx"
"apps/web/src/screens/Settings/WebPreferences.jsx","business-accounting-app","frontend","Logic to save web preferences","1","false","apps/web/src/app.jsx"
"apps/web/src/screens/Settings/WhatsappSettingsPage.jsx","business-accounting-app","frontend","Fetch existing settings","1","false","apps/web/src/app.jsx"
"apps/web/src/screens/warehouse/AddWarehousePage.jsx","business-accounting-app","frontend","Page component","1","false","apps/web/src/app.jsx"
"apps/web/src/screens/warehouse/WareHouseListPage.jsx","business-accounting-app","frontend","Page component","1","false","apps/web/src/app.jsx"
"apps/web/src/services/api.jsx","business-accounting-app","frontend","Attach services to api instance for convenience","80","false","apps/web/src/components/ImportHistoryManager.jsx | apps/web/src/components/SecurityTracker.jsx | apps/web/src/components/WhatsappSender.jsx | apps/web/src/contexts/CompanyContext.jsx | apps/web/src/pages/setting/cloudSync.jsx | apps/web/src/pages/setting/profile.jsx | apps/web/src/pages/setting/securityLog.jsx | apps/web/src/pages/setting/settings.jsx | apps/web/src/screens/Auth/ForgotPasswordScreen.jsx | apps/web/src/screens/Auth/KeyreCoveryPage.jsx | apps/web/src/screens/Auth/LoginScreen.jsx | apps/web/src/screens/Auth/RegisterScreen.jsx | apps/web/src/screens/Billing/B2bDocumentListPage.jsx | apps/web/src/screens/Billing/BillDetailPage.jsx | apps/web/src/screens/Billing/BillingPage.jsx | apps/web/src/screens/Billing/CreateB2bDocumentPage.jsx | apps/web/src/screens/Billing/FastPOSPage.jsx | apps/web/src/screens/Billing/ImportBillPage.jsx | apps/web/src/screens/Billing/SalesReturnPage.jsx | apps/web/src/screens/Billing/SchemeApplyModel.jsx | apps/web/src/screens/company/AddCompanyPage.jsx | apps/web/src/screens/company/BranchPage.jsx | apps/web/src/screens/company/CompanyPage.jsx | apps/web/src/screens/coupons/CouponListPage.jsx | apps/web/src/screens/coupons/CouponsPage.jsx | apps/web/src/screens/coupons/GenerateCouponPage.jsx | apps/web/src/screens/Dashboard/ApprovalsPage.jsx | apps/web/src/screens/Dashboard/DashboardScreen.jsx | apps/web/src/screens/expenses/ExpensesPage.jsx | apps/web/src/screens/inventory/AddProductPage.jsx | apps/web/src/screens/inventory/BulkProductPage.jsx | apps/web/src/screens/inventory/BulkUploadPage.jsx | apps/web/src/screens/inventory/CategoryAnalyticsPage.jsx | apps/web/src/screens/inventory/CategoryManagementPage.jsx | apps/web/src/screens/inventory/InventoryPage.jsx | apps/web/src/screens/inventory/ItemMasterPage.jsx | apps/web/src/screens/inventory/ParseBillFromImage.jsx | apps/web/src/screens/inventory/ProductDetailPage.jsx | apps/web/src/screens/inventory/ProductListPage.jsx | apps/web/src/screens/inventory/PurchaseEntryPage.jsx | apps/web/src/screens/inventory/SalesReturnPage.jsx | apps/web/src/screens/inventory/StockAdjustmentPage.jsx | apps/web/src/screens/inventory/StockTransferPage.jsx | apps/web/src/screens/laterpad/LaterpadlistPage.jsx | apps/web/src/screens/laterpad/LaterpadPage.jsx | apps/web/src/screens/membership/MemberShipListPage.jsx | apps/web/src/screens/membership/MembershipPage.jsx | apps/web/src/screens/notification/NotificationPage.jsx | apps/web/src/screens/parties/PartiesPage.jsx | apps/web/src/screens/Reports/AgingReportPage.jsx | apps/web/src/screens/Reports/BankReconciliationPage.jsx | apps/web/src/screens/Reports/BillWiseReportPage.jsx | apps/web/src/screens/Reports/CustomerReportBuilder.jsx | apps/web/src/screens/Reports/DayBookPage.jsx | apps/web/src/screens/Reports/EWayBillPage.jsx | apps/web/src/screens/Reports/FixedAssetsPage.jsx | apps/web/src/screens/Reports/GraphicalAnalytics.jsx | apps/web/src/screens/Reports/Gstr3bReportPage.jsx | apps/web/src/screens/Reports/GstReportPage.jsx | apps/web/src/screens/Reports/ItemWiseReport.jsx | apps/web/src/screens/Reports/ItemWiseReportpage.jsx | apps/web/src/screens/Reports/PartyWiseReportPage.jsx | apps/web/src/screens/Reports/ProductGstReportPage.jsx | apps/web/src/screens/Reports/ProfitLossReport.jsx | apps/web/src/screens/Reports/ReportsPage.jsx | apps/web/src/screens/Reports/SchemeReportPage.jsx | apps/web/src/screens/Reports/SitewiseReportPage.jsx | apps/web/src/screens/Reports/SupplierLedgerPage.jsx | apps/web/src/screens/Reports/TdsTcsPage.jsx | apps/web/src/screens/returns/CreateReturnScreen.jsx | apps/web/src/screens/salary/MarkAttendancePage.jsx | apps/web/src/screens/salary/SalaryPage.jsx | apps/web/src/screens/salary/StaffStatementPage.jsx | apps/web/src/screens/Settings/AppSettingPage.jsx | apps/web/src/screens/Settings/SettingsPage.jsx | apps/web/src/screens/Settings/StaffManagementPage.jsx | apps/web/src/screens/Settings/StaffPerformancePage.jsx | apps/web/src/screens/Settings/UnitSettingsPage.jsx | apps/web/src/screens/Settings/WhatsappSettingsPage.jsx | apps/web/src/screens/warehouse/AddWarehousePage.jsx"
"apps/web/src/styles/theme.jsx","business-accounting-app","frontend","Unclassified","1","false","apps/web/src/styles/Webtheme.jsx"
"apps/web/src/styles/Webtheme.jsx","business-accounting-app","frontend","Unclassified","1","false","apps/web/src/index.jsx"
"apps/web/src/utils/barcodeGenerator.jsx","business-accounting-app","frontend","Unclassified","1","false","apps/web/src/screens/inventory/InventoryPage.jsx"
"apps/web/src/utils/gst.js","business-accounting-app","frontend","Unclassified","3","false","apps/web/src/screens/inventory/AddProductPage.jsx | apps/web/src/screens/inventory/InventoryPage.jsx | apps/web/src/utils/index.js"
"apps/web/src/utils/imageHandler.jsx","business-accounting-app","frontend","Unclassified","1","false","apps/web/src/utils/index.js"
"apps/web/src/utils/index.js","business-accounting-app","frontend","The PdfParser uses 'pdfjs-dist' which is a client-side library and safe for web.","0","true",""
"apps/web/src/utils/PdfParser.jsx","business-accounting-app","frontend","Unclassified","1","false","apps/web/src/utils/index.js"
"apps/web/tailwind.config.js","business-accounting-app","frontend","Config file","0","true",""
"apps/website/eslint.config.js","website","frontend","Config file","0","false",""
"apps/website/postcss.config.js","website","frontend","Config file","0","false",""
"apps/website/src/App.jsx","website","frontend","React component","1","true","apps/website/src/main.jsx"
"apps/website/src/components/ErrorBoundary.jsx","website","frontend","eslint-disable-next-line no-unused-vars","1","false","apps/website/src/App.jsx"
"apps/website/src/components/Footer.jsx","website","frontend","React component","1","false","apps/website/src/App.jsx"
"apps/website/src/components/Navbar.jsx","website","frontend","React component","1","false","apps/website/src/App.jsx"
"apps/website/src/main.jsx","website","frontend","Unclassified","0","true",""
"apps/website/src/pages/About.jsx","website","frontend","React component","1","false","apps/website/src/App.jsx"
"apps/website/src/pages/FAQ.jsx","website","frontend","React component","1","false","apps/website/src/App.jsx"
"apps/website/src/pages/Help.jsx","website","frontend","React component","1","false","apps/website/src/App.jsx"
"apps/website/src/pages/Home.jsx","website","frontend","React component","1","false","apps/website/src/App.jsx"
"apps/website/src/pages/Pricing.jsx","website","frontend","React component","1","false","apps/website/src/App.jsx"
"apps/website/tailwind.config.js","website","frontend","@type {import('tailwindcss').Config}","0","true",""
"apps/website/vite.config.js","website","frontend","https://vite.dev/config/","0","false",""
"packages/shared/src/accounting/index.js","@repo/shared","shared","Unclassified","1","true","packages/shared/src/index.js"
"packages/shared/src/accounting/invoice/calculateInvoice.js","@repo/shared","shared","Unclassified","2","false","packages/shared/src/accounting/index.js | packages/shared/src/accounting/purchase/calculatePurchase.js"
"packages/shared/src/accounting/money/rounding.js","@repo/shared","shared","Unclassified","3","false","packages/shared/src/accounting/index.js | packages/shared/src/accounting/invoice/calculateInvoice.js | packages/shared/src/accounting/tax/taxCalculator.js"
"packages/shared/src/accounting/purchase/calculatePurchase.js","@repo/shared","shared","Unclassified","1","false","packages/shared/src/accounting/index.js"
"packages/shared/src/accounting/tax/gstRules.js","@repo/shared","shared","Unclassified","2","false","packages/shared/src/accounting/index.js | packages/shared/src/accounting/invoice/calculateInvoice.js"
"packages/shared/src/accounting/tax/taxCalculator.js","@repo/shared","shared","Backward compatibility","2","false","packages/shared/src/accounting/index.js | packages/shared/src/accounting/invoice/calculateInvoice.js"
"packages/shared/src/constant/apiRoutes.js","@repo/shared","shared","Route definitions","3","false","packages/shared/src/hooks/useAuth.js | packages/shared/src/index.js | packages/shared/src/services/sync.js"
"packages/shared/src/constant/businessModules.js","@repo/shared","shared","Unclassified","1","false","packages/shared/src/index.js"
"packages/shared/src/constant/businessTypes.js","@repo/shared","shared","Unclassified","1","false","packages/shared/src/index.js"
"packages/shared/src/constant/config.js","@repo/shared","shared","Config file","1","false","packages/shared/src/index.js"
"packages/shared/src/constant/defaultFeatures.js","@repo/shared","shared","Unclassified","1","false","packages/shared/src/index.js"
"packages/shared/src/constant/roles.js","@repo/shared","shared","Unclassified","1","false","packages/shared/src/index.js"
"packages/shared/src/constant/taxRate.js","@repo/shared","shared","Unclassified","1","false","packages/shared/src/index.js"
"packages/shared/src/hooks/useAuth.js","@repo/shared","shared","Use the centralized api instance. It will handle errors and unwrapping.","1","false","packages/shared/src/index.js"
"packages/shared/src/hooks/usefeatureControl.js","@repo/shared","shared","Hook to check which features are active for a specific party/user","1","false","packages/shared/src/index.js"
"packages/shared/src/hooks/useSync.js","@repo/shared","shared","Custom hook for offline data synchronization Stores data locally when offline, syncs when online","1","false","packages/shared/src/index.js"
"packages/shared/src/index.js","@repo/shared","shared","==========================================","63","true","apps/desktop/src/components/CloudSyncToggel.jsx | apps/desktop/src/components/DashboardLayout.jsx | apps/desktop/src/components/GoogleDriveBackup.jsx | apps/desktop/src/components/SecurityTracker.jsx | apps/desktop/src/pages/setting/VerifyOtp.jsx | apps/desktop/src/screens/Billing/B2bDocumentListPage.jsx | apps/desktop/src/screens/Billing/BillingPage.jsx | apps/desktop/src/screens/Billing/CreateB2bDocumentPage.jsx | apps/desktop/src/screens/Billing/FastPOSPage.jsx | apps/desktop/src/screens/Billing/SalesReturnPage.jsx | apps/desktop/src/screens/company/AddCompanyPage.jsx | apps/desktop/src/screens/company/BranchPage.jsx | apps/desktop/src/screens/company/CompanyPage.jsx | apps/desktop/src/screens/Dashboard/ApprovalsPage.jsx | apps/desktop/src/screens/expenses/AddExpensePage.jsx | apps/desktop/src/screens/expenses/ExpensesPage.jsx | apps/desktop/src/screens/inventory/AddProductPage.jsx | apps/desktop/src/screens/inventory/BulkUploadPage.jsx | apps/desktop/src/screens/inventory/CategoryManagementPage.jsx | apps/desktop/src/screens/inventory/InventoryPage.jsx | apps/desktop/src/screens/inventory/ParseBillFromImage.jsx | apps/desktop/src/screens/inventory/PurchaseEntryPage.jsx | apps/desktop/src/screens/inventory/SalesReturnPage.jsx | apps/desktop/src/screens/inventory/StockAdjustmentPage.jsx | apps/desktop/src/screens/inventory/StockTransferPage.jsx | apps/desktop/src/screens/laterpad/LaterpadlistPage.jsx | apps/desktop/src/screens/laterpad/LaterpadPage.jsx | apps/desktop/src/screens/notification/NotificationPage.jsx | apps/desktop/src/screens/notification/ReminderPage.jsx | apps/desktop/src/screens/parties/PartiesPage.jsx | apps/desktop/src/screens/salary/MarkAttendancePage.jsx | apps/desktop/src/screens/salary/SalaryPage.jsx | apps/desktop/src/screens/Settings/AppSettingPage.jsx | apps/desktop/src/screens/Settings/SettingsPage.jsx | apps/desktop/src/screens/Settings/StaffManagementPage.jsx | apps/desktop/src/services/api.jsx | apps/desktop/src/services/auditService.js | apps/mobile/src/context/AuthContext.js | apps/mobile/src/screens/company/AddCompanyScreen.js | apps/mobile/src/screens/company/FeatureControlScreen.js | apps/mobile/src/screens/coupons/couponListScreen.js | apps/mobile/src/screens/expenses/AddExpensesScreen.js | apps/mobile/src/screens/expenses/ExpensesListScreen.js | apps/mobile/src/screens/inventory/ProductImageUpload.js | apps/mobile/src/screens/laterpad/AddLaterpadScreen.js | apps/mobile/src/screens/laterpad/LaterpadListScreen.js | apps/mobile/src/screens/membership/LoyaltyDetailScreen.js | apps/mobile/src/screens/membership/MembershipListScreen.js | apps/mobile/src/screens/notification/ReminderScreen.js | apps/mobile/src/screens/report/BankReconciliationScreen.js | apps/mobile/src/services/encryptionservice.js | apps/mobile/src/services/GstValidator.js | apps/mobile/src/services/ImageOCR.js | apps/mobile/src/services/index.js | apps/web/src/components/CloudSyncToggel.jsx | apps/web/src/components/DashboardLayout.jsx | apps/web/src/components/GoogleDriveBackup.jsx | apps/web/src/pages/setting/VerifyOtp.jsx | apps/web/src/screens/inventory/InventoryPage.jsx | apps/web/src/screens/inventory/SupplierLedgerPage.jsx | apps/web/src/screens/parties/PartiesPage.jsx | apps/web/src/screens/Settings/SecurityLogPage.jsx | apps/web/src/services/api.jsx"
"packages/shared/src/models/ConsolidatedCreditStatementModel.js","@repo/shared","shared","Data model / schema","0","false",""
"packages/shared/src/models/CouponModel.js","@repo/shared","shared","Data model / schema","0","false",""
"packages/shared/src/models/ExpenseModel.js","@repo/shared","shared","Data model / schema","0","false",""
"packages/shared/src/models/FeatureModel.js","@repo/shared","shared","Data model / schema","0","false",""
"packages/shared/src/models/InvoiceModel.js","@repo/shared","shared","Data model / schema","0","false",""
"packages/shared/src/models/ProductModel.js","@repo/shared","shared","Data model / schema","0","false",""
"packages/shared/src/models/userModel.js","@repo/shared","shared","Data model / schema","0","false",""
"packages/shared/src/services/api.js","@repo/shared","shared","--- Platform-Aware Storage ---","7","false","packages/shared/src/hooks/useAuth.js | packages/shared/src/index.js | packages/shared/src/services/KeyManager.js | packages/shared/src/services/securityTracker.js | packages/shared/src/services/sync.js | packages/shared/src/services/syncqueue.js | packages/shared/src/services/whatsapp.js"
"packages/shared/src/services/api.native.js","@repo/shared","shared","Helper to safely get env vars","3","false","apps/mobile/src/services/ApiService.js | apps/mobile/src/services/config.js | packages/shared/src/services/index.js"
"packages/shared/src/services/cloudApi.js","@repo/shared","shared","Upload user data to cloud @param {Object} data @returns","1","false","packages/shared/src/index.js"
"packages/shared/src/services/index.js","@repo/shared","shared","Unclassified","0","true",""
"packages/shared/src/services/KeyManager.js","@repo/shared","shared","Unclassified","1","false","packages/shared/src/index.js"
"packages/shared/src/services/schemeEngine.js","@repo/shared","shared","Unclassified","1","false","packages/shared/src/index.js"
"packages/shared/src/services/securityTracker.js","@repo/shared","shared","Check if user is logged in before tracking","1","false","packages/shared/src/index.js"
"packages/shared/src/services/sync.js","@repo/shared","shared","Unclassified","1","false","packages/shared/src/index.js"
"packages/shared/src/services/syncqueue.js","@repo/shared","shared","Helper to use SQLite for Desktop, fallback to localStorage for Web","1","false","packages/shared/src/index.js"
"packages/shared/src/services/syncqueue.native.js","@repo/shared","shared","1. Request ko Queue me daalna","23","false","apps/mobile/src/components/CalculatorModal.js | apps/mobile/src/components/CloudSyncToggle.js | apps/mobile/src/screens/billing/B2bDocumentListScreen.js | apps/mobile/src/screens/billing/ConsolidateUdharScreen.js | apps/mobile/src/screens/billing/CreateB2bDocumentScreen.js | apps/mobile/src/screens/billing/CreateBillScreen.js | apps/mobile/src/screens/billing/NongstBillingScreen.js | apps/mobile/src/screens/billing/ReviewParsedBillScreen.js | apps/mobile/src/screens/billing/ThirdPartyDispatchBilling.js | apps/mobile/src/screens/dashboard/ApprovalsScreen.js | apps/mobile/src/screens/inventory/AddProductScreen.js | apps/mobile/src/screens/inventory/PurchaseEntryScreen.js | apps/mobile/src/screens/inventory/StockAdjustmentScreen.js | apps/mobile/src/screens/inventory/StockTransferScreen.js | apps/mobile/src/screens/parties/AddPartyScreen.js | apps/mobile/src/screens/parties/PaymentEntryScreen.js | apps/mobile/src/screens/parties/ReviewParsedStatementScreen.js | apps/mobile/src/screens/report/FixedAssetsScreen.js | apps/mobile/src/screens/report/TdsTcsScreen.js | apps/mobile/src/screens/returns/CreateReturnPage.js | apps/mobile/src/screens/salary/AddSalaryScreen.js | apps/mobile/src/screens/settings/CloudsyncSetting.js | packages/shared/src/services/index.js"
"packages/shared/src/services/whatsapp.js","@repo/shared","shared","Unclassified","1","false","packages/shared/src/index.js"
"packages/shared/src/utils/cloudAuth.js","@repo/shared","shared","Cloud API helper","1","false","packages/shared/src/index.js"
"packages/shared/src/utils/currency.js","@repo/shared","shared","Unclassified","1","false","packages/shared/src/index.js"
"packages/shared/src/utils/dateFormatter.js","@repo/shared","shared","Returns DD/MM/YYYY format common in India","1","false","packages/shared/src/index.js"
"packages/shared/src/utils/encryption.js","@repo/shared","shared","Unclassified","1","false","packages/shared/src/index.js"
"packages/shared/src/utils/logger.js","@repo/shared","shared","Unclassified","1","false","packages/shared/src/index.js"
"packages/shared/src/utils/useOfflineMode.js","@repo/shared","shared","React hook","1","false","packages/shared/src/index.js"
"packages/shared/src/utils/validators.js","@repo/shared","shared","Alias for mobile app compatibility","1","false","packages/shared/src/index.js"